beta.Breast cancer (Combined Oncoarray; iCOGS; GWAS meta analysis),beta.Ovarian cancer,beta.Cancer of skin,beta.Cancer of digestive organs,"beta.Cancer code, self-reported: malignant melanoma",cluster_label,SNP
0.0375,0.02324,-0.000223982,0.000481763,-0.00032745,1,rs10022462
0.0383,0.07755,8.81757e-05,-0.00056533,1.108e-05,6,rs10054203
0.1055,-0.0007661,-0.000661495,-0.000141804,-8.15039e-05,1,rs10096351
0.0249,0.02613,-0.00359653,5.603060000000001e-05,-0.000396228,0,rs10102591
0.0354,0.02171,-0.000375932,8.90259e-05,8.069451698924732e-05,1,rs10623258
-0.0358,0.01816,0.000505694,0.00042125,-0.000143209,2,rs10760444
0.0465,-0.02583,0.0005024609999999999,-0.00032139,-0.000363034,1,rs10885405
0.1278,-0.01525,-0.00112062,0.000205339,-0.000141811,1,rs10941679
-0.0069,0.004907,-0.00779601,-0.000269967,8.069451698924732e-05,0,rs10962474
0.015,-0.2133,-0.00169812,0.000371614,-0.000298326,3,rs10962691
-0.0311,0.006236,-0.00426228,-0.000190547,0.000254114,2,rs10965219
0.0839,0.007644,0.000331248,0.00047539,0.000259018,1,rs10978911
-0.1317,-0.01159,0.000525616,0.000754586,-0.000415831,2,rs10995201
0.0002,-0.004609,-0.00013798600000000002,2.98691e-05,-2.49242e-06,0,rs110419
-0.0449,0.012980000000000002,-0.00034631800000000003,0.000348974,5.51541e-05,2,rs11117758
-0.0717,-0.01149,-0.000427058,0.0005014290000000001,-0.000148463,2,rs11135046
0.0497,-0.005329,0.000467915,-0.000144847,6.260409999999999e-05,1,rs11205303
0.0575,0.02938,0.000211162,9.91671e-05,6.10235e-05,1,rs1121948
0.0988,0.003782,-0.00054477,6.01795e-05,0.00011393,1,rs11249433
-0.0054,0.02913,0.00624,-1.89382e-05,0.00172169,0,rs1126809
0.2211,-0.0206,-0.000432066,-0.000410985,8.069451698924732e-05,5,rs11379664
-0.0471,0.009707,-0.00048878,-0.000395283,8.069451698924732e-05,2,rs11462858
0.0412,0.09941,-0.0005848180000000001,0.000179551,7.64814e-05,6,rs115478735
0.2727,0.1841,0.00686939,0.00167849,8.069451698924732e-05,5,rs11571833
-0.0396,0.01092,0.000187874,-0.000147344,0.000257217,2,rs11583393
0.010869603524229074,0.0040111484581497785,0.00798646,-0.00083321,8.069451698924732e-05,0,rs11611584
-0.0968,0.01648,-0.000259333,-0.000136945,0.000105099,2,rs11624333
0.0472,-0.0221,0.000399183,-9.82965e-05,0.000199802,1,rs11672660
-0.0442,0.001036,0.000879969,0.000335499,4.36261e-05,2,rs11684853
-0.1074,0.003054,-0.00169082,0.0006888069999999999,8.069451698924732e-05,2,rs117618124
0.0747,0.001853,-0.00107383,-0.000666965,8.069451698924732e-05,1,rs117737783
-0.0216,0.03415,-0.00899444,-0.000432321,8.069451698924732e-05,0,rs117744081
0.0217,0.1524,0.00229327,-0.000412074,8.069451698924732e-05,6,rs11782652
0.0483,-0.008437,-0.000678934,8.91442e-05,1.15908e-06,1,rs11822830
-0.0451,0.017509999999999998,-0.000383361,-9.24075e-05,9.53023e-05,2,rs11903787
0.0522,-0.016819999999999998,-0.000391309,-9.32862e-06,1.20132e-05,1,rs11977670
0.0375,-0.01893,-0.0006688919999999999,-0.000189479,0.000213507,1,rs12207986
-0.0576,-0.02121,-0.000795928,0.000557568,-0.000107013,2,rs12250948
-0.0592,-0.02475,0.00271862,8.525469999999999e-05,0.000238523,2,rs1230666
-0.0426,-0.003803,-0.000570119,-4.8686e-05,-0.000216135,2,rs12479355
0.045,0.01025,-0.000759404,0.00035916400000000003,-0.000169865,1,rs12487185
0.0091,0.02092,0.00373428,-0.000685866,-1.27491e-06,0,rs12509782
0.0413,0.0006807,-0.000857931,-0.000228977,-5.10488e-05,1,rs12513872
0.0365,0.01491,-0.0008131039999999999,0.000303756,1.9646e-05,1,rs12519859
-0.0717,-0.005934,-0.00019365,-4.236850000000001e-05,0.000119912,2,rs12546444
-0.0793,-0.008091,-9.68227e-05,-0.00010293,-9.73214e-05,2,rs1268974
-0.0049,0.1033,-0.000637516,-0.000193103,7.29699e-05,6,rs12952824
-0.073,-0.01644,0.00115761,-0.000727752,0.000179602,2,rs12990503
0.0037,0.008498,-0.00533834,0.000410118,0.00010036,0,rs13043023
-0.0685,0.01109,-0.000381778,0.00034107800000000003,8.069451698924732e-05,2,rs13066793
-0.0437,0.0008187000000000001,0.00107286,0.000211341,-1.72962e-05,2,rs13267382
0.1,0.1103,-0.00724657,0.00781074,8.069451698924732e-05,6,rs139372065
0.015,0.06128,0.00679597,-7.83343e-05,0.00203043,6,rs145053134
-0.0671,0.03146,-0.0008666889999999999,0.000683188,-0.000527054,2,rs1498608
-0.0055,-0.1137,-0.000654172,0.000193223,8.069451698924732e-05,3,rs1562314
0.0021,-0.008672,-0.00441913,0.000627397,0.000209375,0,rs157935
-0.0586,-0.004908,-0.000141325,0.000244299,-0.000122531,2,rs1685191
-0.0289,-0.01488,0.0166405,-0.0005789969999999999,8.069451698924732e-05,2,rs16891982
0.0758,0.04715,0.000407794,0.00171305,8.069451698924732e-05,1,rs16991615
0.0364,-0.01015,0.00083546,-0.000861368,0.000149122,1,rs1707302
-0.0591,-0.004913,-7.53422e-05,0.00032203,-0.00034962400000000004,2,rs170801
0.0578,0.02015,-7.24913e-05,-0.000994165,0.0005412430000000001,1,rs17156577
0.0395,-0.0006819,0.0011054,-0.00012349,0.000113558,1,rs17185310
0.0495,-0.001846,-6.80076e-05,-0.000197835,3.54722e-05,1,rs17268829
0.0487,0.007589,-0.00136409,0.000400154,-0.000194973,1,rs17426269
-0.0384,0.01014,-0.000202883,9.53101e-05,-0.000208285,2,rs1778523
-0.0079,0.005445,-0.00390759,1.58101e-05,-0.000699557,0,rs1800440
-0.0167,0.025730000000000003,0.0150988,-0.000181202,0.00386845,0,rs1805007
-0.0817,0.01284,-0.00016198700000000002,-0.000372134,6.316939999999999e-05,2,rs1973765
0.0588,0.01005,-0.000387832,-0.00039814,0.000269467,1,rs1985742
-0.0425,0.005118999999999999,0.000120054,-9.19955e-05,2.96745e-05,2,rs2016394
0.0026,0.007256999999999999,0.00320222,0.00023788,9.95848e-06,0,rs204295
0.0039,-0.0013449999999999998,-0.00774366,0.000994626,-0.000101786,0,rs214803
-0.0317,0.005827000000000001,-0.00409925,-0.000199049,0.000215066,2,rs2151280
0.0433,0.001771,-0.000559755,4.85507e-05,0.000210584,1,rs2253012
-0.0796,-0.0020050000000000003,0.000950107,7.05636e-05,-3.49223e-05,2,rs2403907
-0.0349,-0.00363,-3.1911e-05,2.04005e-05,5.136430000000001e-05,2,rs2432539
-0.0615,-0.009728,-0.00101773,-0.000206279,-0.00034514,2,rs2506889
-0.0011,-0.05823,-0.0032197,0.00100376,4.56139e-05,3,rs2736100
0.0663,0.009016,0.000225628,-0.000214025,2.01297e-05,1,rs2747652
-0.0758,-0.02821,0.0002003,-0.000449476,-0.00018398,2,rs2787486
-0.0082,0.002587,-0.00410876,5.52146e-05,-0.00026703,0,rs2849699
0.0611,-0.007917,-0.00164052,-0.000613294,-0.000187676,1,rs28512361
-0.0651,-0.02617,0.00376645,-0.00123178,-0.0005735240000000001,2,rs2853669
0.0267,-0.06321,-0.00434379,0.000962764,-0.00016696599999999995,3,rs2853677
0.0445,0.03484,-0.000371846,0.000468063,-0.00017901,1,rs2965183
-0.0506,0.01684,-0.00031508400000000003,1.66447e-05,6.24375e-05,2,rs2992756
0.002,0.013880000000000002,0.00355851,-0.000269547,0.000216715,0,rs3087243
-0.0606,0.017169999999999998,0.000511026,-6.01795e-06,0.00025751,2,rs332529
-0.0024,0.01342,-0.00668185,0.000686525,-3.9172e-05,0,rs340797
0.0611,0.006344,0.00249531,-0.000235194,8.069451698924732e-05,1,rs34195518
-0.0145,0.001632,0.0147282,-0.00012900299999999998,0.00404767,0,rs35063026
-0.0086,-0.005688,-0.00975552,-0.00137925,8.069451698924732e-05,0,rs35251485
0.101,-0.07658,-1.96455e-05,-0.000338209,8.069451698924732e-05,1,rs35383942
0.0462,-0.01325,-0.00113933,0.000123944,-0.000278999,1,rs35910339
-0.0417,0.01425,0.000551114,-0.000160171,8.069451698924732e-05,2,rs35961416
-0.0005,-0.006145,-0.00370561,3.22106e-05,8.069451698924732e-05,0,rs36019446
-0.0565,-0.02968,-0.0055905,-0.000704913,-0.00054423,2,rs3769821
0.006,0.003062,0.00452514,-0.00065164,0.000151685,0,rs3778607
0.0623,0.02781,0.00039578,-6.76782e-05,-0.000527598,1,rs3821902
-0.0434,0.002601,-0.00234024,3.47305e-05,-0.000335826,2,rs3903072
0.0521,-0.008454999999999999,0.000915926,-0.000113092,1.98514e-05,1,rs4081859
-0.0465,-0.03185,0.000735035,-0.000408338,-0.000195884,2,rs418053
0.0038,-0.0173,-0.00382973,0.000532613,0.00109723,0,rs421284
0.0396,0.01365,-0.000444729,-0.000267065,0.000345252,1,rs4233486
-0.0799,0.0006617000000000001,0.000243155,0.000751525,0.000297392,2,rs4286946
-0.1274,-0.007201999999999998,0.000806505,-0.000355734,-5.68667e-05,2,rs4442975
0.0353,0.0976,0.0017491,-0.000550707,0.000191352,6,rs4449583
-0.0416,-0.003994,0.000283358,0.00026416,-0.000218677,2,rs4496150
0.0046,0.0031620000000000003,0.00204837,-0.000693519,-6.28484e-05,0,rs4532479
0.0046,0.0031620000000000003,0.00614661,0.000167423,-6.28484e-05,0,rs4532479
0.0046,0.0031620000000000003,0.00614661,0.000167423,0.00060522,0,rs4532479
0.0046,0.0031620000000000003,0.00614661,-0.000693519,0.00060522,0,rs4532479
0.0046,0.0031620000000000003,0.00204837,0.000167423,-6.28484e-05,0,rs4532479
0.0046,0.0031620000000000003,0.00204837,-0.000693519,-6.28484e-05,0,rs4532479
0.0046,0.0031620000000000003,0.00204837,-0.000693519,0.00060522,0,rs4532479
0.0046,0.0031620000000000003,0.00614661,0.000167423,-6.28484e-05,0,rs4532479
0.0046,0.0031620000000000003,0.00614661,0.000167423,0.00060522,0,rs4532479
0.0046,0.0031620000000000003,0.00614661,-0.000693519,0.00060522,0,rs4532479
0.0046,0.0031620000000000003,0.00204837,0.000167423,-6.28484e-05,0,rs4532479
0.0046,0.0031620000000000003,0.00204837,0.000167423,0.00060522,0,rs4532479
0.0046,0.0031620000000000003,0.00614661,-0.000693519,-6.28484e-05,0,rs4532479
0.0046,0.0031620000000000003,0.00204837,0.000167423,0.00060522,0,rs4532479
0.0046,0.0031620000000000003,0.00614661,-0.000693519,-6.28484e-05,0,rs4532479
0.0046,0.0031620000000000003,0.00204837,-0.000693519,0.00060522,0,rs4532479
0.0416,0.003687,-0.000938696,-0.000163006,-0.00016747599999999998,1,rs4562056
-0.0424,-0.03318,-0.00026053,-0.00033827300000000005,0.000160824,2,rs4702131
-0.0178,0.002333,-0.00133815,0.000176102,-7.469659999999999e-05,0,rs4712653
0.2153,-0.009053,0.000192735,-7.29517e-05,0.000104053,5,rs4784227
-0.0062,0.019180000000000003,0.00318805,0.000248673,0.000295117,0,rs479777
0.0383,0.1224,0.00227191,-0.000104307,0.000213709,6,rs4808075
-0.0475,-0.01132,-0.00107845,-0.000211228,-0.000595643,2,rs4820318
0.0933,-0.005505,0.000871931,0.0005218719999999999,0.0007078119999999999,1,rs4848599
0.0424,0.004712,-0.000969515,-0.000386,0.000280494,1,rs4971059
0.0499,-0.02035,-0.00115898,0.000531779,-7.422220000000001e-05,1,rs527616
0.0431,0.09608,-0.000578996,0.000155829,0.000116117,6,rs532436
-0.006,0.006370000000000001,0.00288632,0.000228673,0.000436317,0,rs55775505
-0.0497,0.02013,-0.0018427,-0.00011699,-6.28557e-05,2,rs56013747
0.0078,0.02381,-0.000354156,-0.000256296,-0.00024484,0,rs56077333
-0.0942,-0.007918000000000001,-0.000472492,2.32888e-05,-9.982e-06,2,rs56387622
0.0535,-0.0328,-0.000320813,0.000630376,8.069451698924732e-05,1,rs56891541
-0.0424,0.0072450000000000014,7.44665e-05,0.000615361,-2.8768000000000006e-05,2,rs56971155
-0.0652,-0.0124,-0.00087498,-0.000505025,8.069451698924732e-05,2,rs57212245
0.0474,0.02226,-0.00148837,-4.89253e-05,-0.000174909,1,rs58058861
0.1206,-0.0004718999999999999,-0.000646285,0.000265132,0.000109774,1,rs5995875
0.0791,-0.0992,-0.000359956,0.0004891769999999999,8.069451698924732e-05,3,rs5997389
-0.0132,-0.03157,-0.00092984,-0.000835288,-0.000285885,0,rs6010620
-0.0403,-0.03191,-0.0118086,0.000365917,-0.00247048,2,rs6059655
0.1817,-0.0043,-0.00165448,-0.000657844,8.069451698924732e-05,5,rs60954078
0.0218,0.001696,0.00622173,-0.000175561,8.069451698924732e-05,0,rs60960598
0.0507,0.004966,-8.85624e-05,0.000373317,0.000325944,1,rs6122906
-0.0624,0.020630000000000003,-0.000302509,-0.000254683,5.6893899999999986e-06,2,rs62048402
-0.0286,-0.000695,-0.00718799,4.271e-05,8.069451698924732e-05,0,rs62052673
-0.003,-0.01595,-0.00452154,-0.000157302,-0.0003356,0,rs62202837
0.0454,0.02287,0.0116352,-0.000342713,0.00260519,1,rs62209647
0.4256,0.01192,-0.000638866,-0.0008541060000000001,8.069451698924732e-05,5,rs62237573
0.0058,0.37,0.000800464,-0.00126801,8.069451698924732e-05,4,rs62276619
0.0494,-0.0006475,0.0012254000000000002,-0.0005205930000000001,9.98332e-06,1,rs62331150
0.1734,-0.0202,0.000219688,0.000516835,-0.000631539,5,rs62355901
-0.0545,-0.03241,0.00135906,-0.000249946,8.069451698924732e-05,2,rs62485509
-0.0163,0.1276,0.00355106,-0.000200594,0.000574618,6,rs62541919
0.0992,0.030080000000000006,0.000275317,-0.000261357,-0.000139192,1,rs630965
0.0778,0.001254,-0.000917089,-0.000230848,-8.62253e-05,1,rs6472903
-0.0528,-0.095,-0.0012984,-0.000452574,-0.00017418200000000002,3,rs6496746
0.0443,-0.01601,-0.00096337,-0.000448289,-0.000529573,1,rs6562760
0.0512,0.007517,0.00134787,0.000270597,0.000152068,1,rs6569648
-0.0439,-0.01684,-0.00154081,1.98848e-05,-0.000366365,2,rs6596100
0.0439,-0.00648,0.00018472,-0.000222386,-0.000124972,1,rs6597981
0.095,-0.01093,-0.00150999,0.00138208,8.069451698924732e-05,1,rs66572733
0.0584,0.0371,-0.00461595,-0.000127508,-0.000386143,1,rs6679677
0.0003,0.04091,-0.00681998,0.00100751,8.069451698924732e-05,0,rs6707137
0.0527,-0.00412,-0.00021134,-0.000745737,0.000525187,1,rs67087079
-0.0562,-0.03161,-0.00667006,-0.00063467,-0.000503896,2,rs6719014
-0.0468,0.01344,-0.000935252,-0.000450149,-0.000275202,2,rs6725517
-0.0274,0.03022,0.00432121,-0.000170652,0.000114037,0,rs6764416
0.0567,-0.0168,6.25011e-05,-5.11694e-05,0.000455228,1,rs6787391
0.0501,-0.0117,0.000850341,0.000205075,7.28859e-05,1,rs68056147
0.052000000000000005,0.02979,0.000478303,0.000179325,-6.02102e-05,1,rs6815814
0.0388,-0.00645,-0.00144824,5.2942499999999985e-06,8.069451698924732e-05,1,rs6882649
0.0145,0.003636,-0.00117383,-0.00182377,-8.859999999999999e-05,0,rs6983267
0.0067,0.02177,-0.00578309,0.000155932,-0.000341771,0,rs6989943
-0.0618,-0.05799,-0.000217985,-0.000387652,-0.000440254,2,rs7072776
0.0404,0.08832999999999999,0.000549494,0.000214241,0.000291122,6,rs7084454
-0.0427,0.1269,0.0004945559999999999,0.000155141,-0.000337815,6,rs71238846
-0.0724,-0.02172,0.00087441,0.000254053,0.000404706,2,rs7149262
-0.0806,0.01715,0.000842918,0.000186024,0.000157783,2,rs71557345
-0.0686,-0.03357,-0.00054866,0.000778113,-0.000223864,2,rs71559437
-0.0439,-0.07553,5.19165e-05,-3.61532e-06,0.000135404,3,rs7223535
-0.0725,0.001529,0.000129175,-0.000403677,0.000211318,2,rs7258465
0.1182,-0.03445,0.000707718,0.000382502,8.069451698924732e-05,1,rs72658071
0.0559,-0.02102,0.000903604,3.624590000000001e-05,-0.000175685,1,rs72725173
0.1376,-0.02797,0.00504548,0.00105214,8.069451698924732e-05,1,rs72755295
0.0073,-0.03092,0.00616289,-0.000696585,0.0005795840000000001,0,rs72847652
-0.0164,-0.026310000000000004,-0.00462671,2.8497e-05,-0.000641986,0,rs72928038
-0.0143,0.01387,-0.00413562,0.000500983,-0.000128967,0,rs73183643
0.0033,-0.1638,-0.000479425,0.00034534400000000003,-0.000450565,3,rs73375000
-0.0593,-0.01807,1.33773e-05,-0.00038579,-0.000236916,2,rs73949122
0.0213,0.05038,0.00854079,-0.00024141,8.069451698924732e-05,0,rs74415461
0.0785,0.006285,-0.000251044,5.76538e-05,2.66093e-05,1,rs7500067
0.006999999999999999,0.006861,-0.000555546,-0.00028706900000000004,-0.000145788,0,rs7587476
0.1046,0.008264,-0.000231874,-0.000129054,4.17047e-05,1,rs7626742
0.0489,-0.008281,0.000225098,0.000605733,2.27427e-05,1,rs7650602
-0.0217,-0.007396,0.00308446,0.000425013,0.000499507,0,rs76798800
0.1352,0.015880000000000002,-0.00323857,0.000286826,8.069451698924732e-05,1,rs76956704
0.1039,0.04304,-0.000530793,-9.12437e-05,0.000294236,1,rs7697216
0.0161,0.004795000000000001,-0.00787965,-0.000276821,-0.000422501,0,rs77476954
-0.0583,-0.030930000000000006,-0.00100769,-3.22179e-05,0.0005241180000000001,2,rs77528541
-0.0741,-0.09871,-0.00137683,-0.000477653,-0.00034481800000000005,3,rs77554484
0.0352,-0.1105,0.0192692,0.000435429,8.069451698924732e-05,3,rs78378222
-0.0611,0.1302,0.000985148,0.00048503,8.069451698924732e-05,6,rs78381082
0.0603,0.01137,0.0018139,0.0007202889999999999,8.069451698924732e-05,1,rs78425380
-0.0595,0.04513,0.00153489,-0.00061315,0.000786493,2,rs78440108
0.2758,-0.04764,-0.000549686,0.000426066,8.069451698924732e-05,5,rs78540526
0.0764,-0.00985,-0.000946986,-0.0004488130000000001,0.000401342,1,rs7904249
-0.0365,-0.004762,-0.0007610560000000001,-0.000275251,-7.0283800000000015e-06,2,rs7971
0.0033,-0.003643,0.00772397,-0.000308565,0.000399151,0,rs801108
-0.0418,-0.0144,-0.00083205,2.97299e-05,8.069451698924732e-05,2,rs8082452
0.0047,-0.01419,0.00334348,-5.41486e-05,0.00015183,0,rs8178977
0.0366,-0.002396,0.000414662,0.000260963,-0.000123213,1,rs9284657
0.0074,0.01557,0.00139723,0.000350967,0.00110974,0,rs9350325
0.0541,0.01174,-0.000648708,-0.00016376799999999998,0.000125089,1,rs9361840
-0.0032,-0.0193,-0.0051865,-0.000782539,-0.000147345,0,rs9392026
0.0463,0.00345,-0.000332228,-1.10069e-05,0.000201617,1,rs941764
0.0008,-0.005665,0.00333185,0.000395009,-0.000128534,0,rs950039
-0.0626,-0.009857,0.000918632,-0.000308741,0.000167834,2,rs9693444
0.0457,0.02662,-0.00202552,0.000235603,-0.000246663,1,rs9833888
-0.0478,-0.00454,0.000960039,4.91957e-05,-0.000197593,2,rs9952980
-0.0891,0.03441,8.204700000000001e-05,0.000534885,8.069451698924732e-05,2,rs9954058
