"SNP","beta.Breast cancer (Combined Oncoarray; iCOGS; GWAS meta analysis)","se.Breast cancer (Combined Oncoarray; iCOGS; GWAS meta analysis)","pval.Breast cancer (Combined Oncoarray; iCOGS; GWAS meta analysis)","beta.Ovarian cancer","se.Ovarian cancer","pval.Ovarian cancer","beta.Cancer of skin","se.Cancer of skin","pval.Cancer of skin","beta.Cancer of digestive organs","se.Cancer of digestive organs","pval.Cancer of digestive organs","beta.Cancer code, self-reported: malignant melanoma","se.Cancer code, self-reported: malignant melanoma","pval.Cancer code, self-reported: malignant melanoma","beta.Lung adenocarcinoma","se.Lung adenocarcinoma","pval.Lung adenocarcinoma","beta.Glioma","se.Glioma","pval.Glioma","beta.Cancer of urinary tract","se.Cancer of urinary tract","pval.Cancer of urinary tract","beta.Neuroblastoma","se.Neuroblastoma","pval.Neuroblastoma"
"rs10022462",0.0375,0.0062,1.554e-09,0.02324,0.01328,0.0800295,-0.000223982,0.000493606,0.649996,0.000481763,0.000295017,0.102469,-0.00032745,0.000184287,0.0759994,0.0337674,0.028358,0.230788,NA,NA,NA,-0.000287977,0.000169014,0.0884077,-0.0123763,0.043266,0.774701
"rs10054203",0.0383,0.0065,3.211e-09,0.07755,0.01352,9.66696e-09,8.81757e-05,0.00050441,0.861229,-0.00056533,0.000301473,0.0607631,1.108e-05,0.000188477,0.95,0.198278,0.042039,2.84997e-08,NA,NA,NA,0.000129501,0.000172714,0.453375,NA,NA,NA
"rs10096351",0.1055,0.0062,1.96607e-64,-0.0007661,0.01326,0.9539,-0.000661495,0.000490534,0.177492,-0.000141804,0.000293182,0.628618,-8.15039e-05,0.000183234,0.66,-0.0115807,0.02773,0.681067,NA,NA,NA,0.000188007,0.000167963,0.263,0.00060018,0.0433972,0.9884
"rs10102591",0.0249,0.0083,0.00272201,0.02613,0.01669,0.1174,-0.00359653,0.000611826,4.14725e-09,5.60306e-05,0.000365693,0.878227,-0.000396228,0.00022784,0.0819993,0.0328998,0.034177,0.33592,-0.0581746,0.0510851,0.254542,-2.17072e-05,0.000209504,0.917477,-0.0193867,0.0492177,0.6939
"rs10623258",0.0354,0.0063,2.26402e-08,0.02171,0.01323,0.101,-0.000375932,0.000492177,0.444978,8.90259e-05,0.000294164,0.762163,NA,NA,NA,NA,NA,NA,NA,NA,NA,-0.000318495,0.000168525,0.0587719,NA,NA,NA
"rs10760444",-0.0358,0.0062,9.05607e-09,0.01816,0.01329,0.1719,0.000505694,0.000492864,0.304878,0.00042125,0.000294574,0.152709,-0.000143209,0.000184161,0.44,-0.0283056,0.028269,0.316305,NA,NA,NA,-7.59512e-05,0.000168761,0.652674,NA,NA,NA
"rs10885405",0.0465,0.0062,5.43626e-14,-0.02583,0.01318,0.0500703,0.000502461,0.000489731,0.304895,-0.00032139,0.000292701,0.272199,-0.000363034,0.000183008,0.0470002,-0.00627565,0.027178,0.82333,-0.0235212,0.0441223,0.593789,0.000178266,0.000167688,0.287747,0.0524519,0.0429171,0.2226
"rs10941679",0.1278,0.0071,5.6079e-73,-0.01525,0.01517,0.3149,-0.00112062,0.000567128,0.0481604,0.000205339,0.000338962,0.544656,-0.000141811,0.000212109,0.5,-0.0579957,0.03152,0.0931966,NA,NA,NA,4.65062e-05,0.00019419,0.810728,NA,NA,NA
"rs10962474",-0.0069,0.014,0.6227,0.004907,0.03075,0.8732,-0.00779601,0.00108503,6.72977e-13,-0.000269967,0.000648543,0.677216,NA,NA,NA,0.0546425,0.061142,0.373855,-0.273761,0.100504,0.00635858,-0.000117045,0.000371549,0.752749,0.147558,0.0894101,0.0986893
"rs10962691",0.015,0.0076,0.0497096,-0.2133,0.01698,1.72783e-36,-0.00169812,0.000614908,0.00575254,0.000371614,0.000367521,0.311951,-0.000298326,0.000229956,0.19,-0.028381,0.034157,0.435697,NA,NA,NA,0.000119676,0.000210552,0.569771,NA,NA,NA
"rs10965219",-0.0311,0.0062,5.21495e-07,0.006236,0.01325,0.637901,-0.00426228,0.000489124,2.94239e-18,-0.000190547,0.000292369,0.514574,0.000254114,0.000182629,0.16,-0.00103954,0.027562,0.970744,0.2518,0.0442158,1.13e-08,-0.000180323,0.000167498,0.281673,-0.0461487,0.043009,0.2827
"rs10978911",0.0839,0.0091,2.35776e-20,0.007644,0.01922,0.690799,0.000331248,0.000746579,0.657267,0.00047539,0.000446213,0.286701,0.000259018,0.000276807,0.35,-0.0267311,0.040099,0.533649,NA,NA,NA,-0.000221764,0.000255635,0.385667,NA,NA,NA
"rs10995201",-0.1317,0.0087,1.55704e-51,-0.01159,0.01823,0.5248,0.000525616,0.000698576,0.451805,0.000754586,0.000417522,0.0707164,-0.000415831,0.000260675,0.11,0.0598224,0.04065,0.132833,NA,NA,NA,-9.90471e-05,0.000239198,0.678816,NA,NA,NA
"rs110419",2e-04,0.0066,0.9726,-0.004609,0.01354,0.733599,-0.000137986,0.00048948,0.778019,2.98691e-05,0.000292552,0.918679,-2.49242e-06,0.000177375,0.99,0.0332301,0.026427,0.236604,-0.029753,0.044291,0.501033,-0.000147096,0.000167602,0.380134,0.267749,0.0431261,5.12e-10
"rs11117758",-0.0449,0.0076,3.90301e-09,0.01298,0.01618,0.4223,-0.000346318,0.000602586,0.565481,0.000348974,0.000360152,0.332564,5.51541e-05,0.000225159,0.81,-0.0143911,0.032801,0.675818,NA,NA,NA,0.000152329,0.00020633,0.460347,NA,NA,NA
"rs11135046",-0.0717,0.0062,4.68058e-31,-0.01149,0.01329,0.3872,-0.000427058,0.000491236,0.384654,0.000501429,0.0002936,0.0876617,-0.000148463,0.0001836,0.42,0.0376063,0.026444,0.182689,-0.0508723,0.0439918,0.2478,9.551e-05,0.000168203,0.570154,-0.0299439,0.0434972,0.4912
"rs11205303",0.0497,0.0064,1.13894e-14,-0.005329,0.01351,0.6933,0.000467915,0.000497651,0.347091,-0.000144847,0.000297436,0.626268,6.26041e-05,0.000186108,0.74,-0.0272099,0.028091,0.359799,NA,NA,NA,3.90622e-05,0.0001704,0.818684,NA,NA,NA
"rs1121948",0.0575,0.0077,7.4817e-14,0.02938,0.01618,0.0695104,0.000211162,0.000614902,0.731292,9.91671e-05,0.000367514,0.787289,6.10235e-05,0.000228518,0.79,0.0646495,0.034537,0.053266,-0.10625,0.0559498,0.0574169,-7.25161e-05,0.000210548,0.730533,-0.0264466,0.0551087,0.6307
"rs11249433",0.0988,0.0065,1.75995e-52,0.003782,0.01342,0.778001,-0.00054477,0.00049614,0.272198,6.01795e-05,0.000296533,0.839179,0.00011393,0.000185308,0.54,-0.0428929,0.027582,0.147783,-0.0113355,0.0440607,0.797588,-2.74776e-05,0.000169883,0.871508,0.00190181,0.043898,0.9655
"rs1126809",-0.0054,0.007,0.4437,0.02913,0.0148,0.0489903,0.00624,0.000530795,6.67114e-32,-1.89382e-05,0.000317306,0.952407,0.00172169,0.000198512,4.19952e-18,-0.0105121,0.031058,0.745554,NA,NA,NA,0.00019232,0.000181783,0.290072,NA,NA,NA
"rs11379664",0.2211,0.0063,1e-200,-0.0206,0.01327,0.1206,-0.000432066,0.000495335,0.383061,-0.000410985,0.000296051,0.165069,NA,NA,NA,NA,NA,NA,NA,NA,NA,-0.000237635,0.000169607,0.161187,NA,NA,NA
"rs11462858",-0.0471,0.0067,2.08593e-12,0.009707,0.01415,0.4928,-0.00048878,0.000529854,0.356279,-0.000395283,0.000316682,0.211957,NA,NA,NA,NA,NA,NA,NA,NA,NA,4.5954e-05,0.000181427,0.800042,NA,NA,NA
"rs115478735",0.0412,0.0078,1.39499e-07,0.09941,0.01672,2.80098e-09,-0.000584818,0.000632129,0.354885,0.000179551,0.00037781,0.634615,7.64814e-05,0.000224,0.73,-0.00327235,0.03262,0.922901,0.0100503,0.0521938,0.846819,-0.000108795,0.000216446,0.615218,NA,NA,NA
"rs11571833",0.2727,0.0346,3.10027e-15,0.1841,0.06702,0.00601506,0.00686939,0.00253533,0.00673954,0.00167849,0.00151532,0.268001,NA,NA,NA,0.541385,0.223211,0.000307001,NA,NA,NA,0.00179279,0.000868122,0.0389108,NA,NA,NA
"rs11583393",-0.0396,0.0072,3.61102e-08,0.01092,0.01531,0.4759,0.000187874,0.000572857,0.742942,-0.000147344,0.000342384,0.666943,0.000257217,0.000214372,0.23,-0.0567735,0.030044,0.0837896,NA,NA,NA,0.000434764,0.00019615,0.0266588,NA,NA,NA
"rs11611584",NA,NA,NA,NA,NA,NA,0.00798646,0.000859709,1.55489e-20,-0.00083321,0.000513889,0.104937,NA,NA,NA,-0.0206477,0.04844,0.691409,-0.00826574,0.0835468,0.921418,6.44819e-05,0.000294407,0.826632,0.0459289,0.081529,0.57
"rs11624333",-0.0968,0.0071,6.5013e-42,0.01648,0.01499,0.2715,-0.000259333,0.000545775,0.63467,-0.000136945,0.000326198,0.674615,0.000105099,0.00020447,0.61,-0.0115879,0.0319,0.72816,0.120249,0.0494942,0.0150401,0.000210452,0.000186878,0.260105,-0.0363319,0.04793,0.4489
"rs11672660",0.0472,0.008,4.12601e-09,-0.0221,0.01683,0.1892,0.000399183,0.000617884,0.518248,-9.82965e-05,0.000369296,0.790105,0.000199802,0.000230386,0.39,0.0463243,0.034308,0.171177,-0.0616594,0.0531538,0.246242,-7.87929e-05,0.000211569,0.709579,0.0880109,0.052668,0.0936203
"rs11684853",-0.0442,0.0062,1.11712e-12,0.001036,0.01328,0.9378,0.000879969,0.000491392,0.0733314,0.000335499,0.000293695,0.253314,4.36261e-05,0.000183364,0.81,-0.0116983,0.027683,0.677439,NA,NA,NA,-0.000151468,0.000168257,0.368007,-0.0259334,0.0433754,0.5501
"rs117618124",-0.1074,0.0156,5.45758e-12,0.003054,0.03159,0.923,-0.00169082,0.00118847,0.154828,0.000688807,0.000710324,0.332192,NA,NA,NA,-0.0319583,0.062182,0.641406,0.0278852,0.104581,0.790098,0.00042563,0.000406943,0.295598,NA,NA,NA
"rs117737783",0.0747,0.0127,4.03097e-09,0.001853,0.02672,0.9447,-0.00107383,0.000931876,0.249185,-0.000666965,0.000556962,0.23111,NA,NA,NA,-0.011507,0.059162,0.856535,NA,NA,NA,0.000774932,0.00031908,0.0151558,NA,NA,NA
"rs117744081",-0.0216,0.0217,0.3212,0.03415,0.04309,0.4281,-0.00899444,0.00138189,7.58578e-11,-0.000432321,0.000825976,0.600692,NA,NA,NA,-0.141509,0.079662,0.161883,NA,NA,NA,5.96546e-05,0.0004732,0.899679,NA,NA,NA
"rs11782652",0.0217,0.0122,0.0758298,0.1524,0.02508,1.25101e-09,0.00229327,0.000957922,0.0166659,-0.000412074,0.000572533,0.471686,NA,NA,NA,0.0219748,0.054691,0.697448,0.0584769,0.0918096,0.524503,-0.000139052,0.000328003,0.671614,0.102033,0.0851805,0.2307
"rs11822830",0.0483,0.0063,1.9829e-14,-0.008437,0.01348,0.5315,-0.000678934,0.00049666,0.171626,8.91442e-05,0.000296844,0.763943,1.15908e-06,0.000185739,1,-0.0184134,0.028292,0.519113,NA,NA,NA,0.000128894,0.000170061,0.448494,-0.0497421,0.0439215,0.2616
"rs11903787",-0.0451,0.0076,2.36401e-09,0.01751,0.01575,0.2663,-0.000383361,0.000582125,0.510182,-9.24075e-05,0.000347924,0.790549,9.53023e-05,0.000216557,0.66,-0.00407931,0.033277,0.906019,NA,NA,NA,0.000148112,0.000199325,0.457439,NA,NA,NA
"rs11977670",0.0522,0.0063,1.04809e-16,-0.01682,0.01327,0.2047,-0.000391309,0.000493844,0.428143,-9.32862e-06,0.00029516,0.974787,1.20132e-05,0.000184548,0.95,-0.0125818,0.027046,0.654935,-0.0883771,0.0443831,0.046459,-3.4165e-05,0.000169096,0.839882,-0.0431163,0.0433796,0.3186
"rs12207986",0.0375,0.0062,1.45001e-09,-0.01893,0.01321,0.1517,-0.000668892,0.000492293,0.174233,-0.000189479,0.000294233,0.519591,0.000213507,0.000183409,0.24,-0.000822662,0.027972,0.977149,-0.0479305,0.0442093,0.278551,0.000112882,0.000168566,0.503074,-0.0544882,0.0440403,0.2169
"rs12250948",-0.0576,0.0074,1.0361e-14,-0.02121,0.01602,0.1856,-0.000795928,0.000601826,0.185995,0.000557568,0.000359698,0.121118,-0.000107013,0.000224273,0.630001,-0.0305341,0.034016,0.370667,NA,NA,NA,0.000275815,0.00020607,0.18075,-0.016536,0.05298,0.755
"rs1230666",-0.0592,0.0095,3.86696e-10,-0.02475,0.02001,0.2162,0.00271862,0.000689573,8.06603e-05,8.52547e-05,0.000412151,0.836125,0.000238523,0.000259004,0.36,-0.0366462,0.043437,0.40162,NA,NA,NA,0.000258007,0.00023612,0.274529,NA,NA,NA
"rs12479355",-0.0426,0.0076,2.35798e-08,-0.003803,0.01632,0.8158,-0.000570119,0.000606273,0.34703,-4.8686e-05,0.000362357,0.893119,-0.000216135,0.000226169,0.34,-0.0167729,0.032933,0.628258,NA,NA,NA,-0.000124094,0.000207593,0.549992,0.0414472,0.0527333,0.4311
"rs12487185",0.045,0.0066,1.20587e-11,0.01025,0.0143,0.4734,-0.000759404,0.00052848,0.15073,0.000359164,0.000315861,0.255499,-0.000169865,0.000197639,0.39,-0.0134744,0.029324,0.659964,0.00260339,0.047706,0.957315,0.000245664,0.000180956,0.174595,0.00954541,0.0465012,0.8371
"rs12509782",0.0091,0.0086,0.2865,0.02092,0.01818,0.2498,0.00373428,0.000681602,4.28785e-08,-0.000685866,0.000407394,0.0922699,-1.27491e-06,0.000254786,1,0.0885794,0.041596,0.0251901,NA,NA,NA,5.32205e-05,0.000233396,0.819626,NA,NA,NA
"rs12513872",0.0413,0.0073,1.464e-08,0.0006807,0.01527,0.9644,-0.000857931,0.000571079,0.133021,-0.000228977,0.000341322,0.502314,-5.10488e-05,0.000213416,0.81,-0.0015488,0.032001,0.962549,NA,NA,NA,0.000280822,0.000195542,0.15097,NA,NA,NA
"rs12519859",0.0365,0.0063,5.76806e-09,0.01491,0.01318,0.2581,-0.000813104,0.000489379,0.096614,0.000303756,0.000292492,0.299032,1.9646e-05,0.00018299,0.91,0.00997706,0.027551,0.721938,NA,NA,NA,8.36728e-06,0.000167568,0.960175,NA,NA,NA
"rs12546444",-0.0717,0.011,7.45418e-11,-0.005934,0.02267,0.7935,-0.00019365,0.000830325,0.815589,-4.23685e-05,0.000496267,0.931964,0.000119912,0.000311078,0.7,0.0723402,0.050963,0.145957,NA,NA,NA,0.000239104,0.00028431,0.400349,NA,NA,NA
"rs1268974",-0.0793,0.0063,3.71022e-36,-0.008091,0.01345,0.547599,-9.68227e-05,0.000498941,0.846132,-0.00010293,0.000298206,0.729972,-9.73214e-05,0.000186583,0.6,-0.0133643,0.028645,0.645821,NA,NA,NA,-0.000341985,0.000170841,0.0453096,NA,NA,NA
"rs12952824",-0.0049,0.0074,0.5118,0.1033,0.0157,4.91021e-11,-0.000637516,0.000588036,0.278302,-0.000193103,0.000351457,0.582707,7.29699e-05,0.000220056,0.74,0.0238698,0.033864,0.48503,0.209611,0.0531961,7.91006e-05,0.000157178,0.000201349,0.435024,-0.0523465,0.0529879,0.3229
"rs12990503",-0.073,0.007,9.99079e-26,-0.01644,0.01499,0.2728,0.00115761,0.000554663,0.036885,-0.000727752,0.00033151,0.0281449,0.000179602,0.000207087,0.39,-0.0350775,0.031573,0.264443,NA,NA,NA,-0.000120909,0.000189922,0.524371,NA,NA,NA
"rs13043023",0.0037,0.0119,0.7579,0.008498,0.02423,0.7258,-0.00533834,0.000823145,8.86748e-11,0.000410118,0.000492004,0.404526,0.00010036,0.000308517,0.74,0.0631438,0.056565,0.260128,NA,NA,NA,8.25306e-05,0.000281868,0.769676,NA,NA,NA
"rs13066793",-0.0685,0.0112,1.037e-09,0.01109,0.02374,0.6404,-0.000381778,0.000853033,0.654476,0.000341078,0.000509839,0.503501,NA,NA,NA,NA,NA,NA,NA,NA,NA,-0.000101215,0.000292086,0.728949,NA,NA,NA
"rs13267382",-0.0437,0.0065,1.59514e-11,0.0008187,0.01378,0.9526,0.00107286,0.000516255,0.0376964,0.000211341,0.000308556,0.493385,-1.72962e-05,0.00019283,0.93,-0.0295879,0.031841,0.353475,NA,NA,NA,-4.88673e-05,0.000176771,0.782208,NA,NA,NA
"rs139372065",0.1,0.0373,0.00735005,0.1103,0.06942,0.1121,-0.00724657,0.00220134,0.000995245,0.00781074,0.00131565,2.90904e-09,NA,NA,NA,-0.125844,0.112497,0.39137,NA,NA,NA,-0.000268285,0.000753769,0.721897,NA,NA,NA
"rs145053134",0.015,0.0109,0.1709,0.06128,0.02336,0.00870603,0.00679597,0.00082121,1.28292e-16,-7.83343e-05,0.000490866,0.873209,0.00203043,0.000308159,4.40048e-11,0.0142253,0.050457,0.785782,NA,NA,NA,0.000124253,0.000281216,0.658603,NA,NA,NA
"rs1498608",-0.0671,0.0107,3.48097e-10,0.03146,0.02215,0.1556,-0.000866689,0.000805677,0.28205,0.000683188,0.000481535,0.155966,-0.000527054,0.000302078,0.0810009,-0.0652492,0.043794,0.183227,0.11991,0.076759,0.118,-0.00037611,0.00027587,0.172771,-0.0440169,0.0702166,0.5316
"rs1562314",-0.0055,0.0067,0.408,-0.1137,0.0144,2.88071e-15,-0.000654172,0.000535148,0.221552,0.000193223,0.000319847,0.545769,NA,NA,NA,NA,NA,NA,NA,NA,NA,-0.000154317,0.000183239,0.399698,NA,NA,NA
"rs157935",0.0021,0.0071,0.7701,-0.008672,0.01588,0.584901,-0.00441913,0.000533659,1.22744e-16,0.000627397,0.000318985,0.0492006,0.000209375,0.000199515,0.29,0.0125124,0.030108,0.68298,0.0113643,0.0477401,0.812033,-0.000175802,0.000182747,0.33605,0.0268575,0.0471994,0.568
"rs1685191",-0.0586,0.0064,3.87436e-20,-0.004908,0.01342,0.7146,-0.000141325,0.000490877,0.773421,0.000244299,0.000293386,0.405022,-0.000122531,0.000183654,0.5,-0.0302518,0.029931,0.311608,NA,NA,NA,4.88844e-05,0.00016808,0.771173,NA,NA,NA
"rs16891982",-0.0289,0.0131,0.0272001,-0.01488,0.03213,0.6434,0.0166405,0.0016334,2.26778e-24,-0.000578997,0.000976386,0.553181,NA,NA,NA,NA,NA,NA,NA,NA,NA,-0.000672179,0.000559369,0.22949,NA,NA,NA
"rs16991615",0.0758,0.0126,1.91699e-09,0.04715,0.02675,0.0779992,0.000407794,0.000991334,0.680809,0.00171305,0.000592492,0.00383725,NA,NA,NA,0.0669902,0.061243,0.27015,0.117658,0.104243,0.258823,-6.6006e-05,0.000339441,0.84582,-0.221395,0.0915973,0.0154899
"rs1707302",0.0364,0.0066,2.94802e-08,-0.01015,0.01394,0.4664,0.00083546,0.000519122,0.107536,-0.000861368,0.000310266,0.00549971,0.000149122,0.000194185,0.44,0.0352697,0.028754,0.250466,0.0411419,0.0458178,0.368791,5.00237e-05,0.000177752,0.778386,-0.0158733,0.0456945,0.7307
"rs170801",-0.0591,0.007,3.17468e-17,-0.004913,0.01464,0.737199,-7.53422e-05,0.000542125,0.889469,0.00032203,0.000324016,0.320287,-0.000349624,0.000202774,0.0850002,-0.0226342,0.029861,0.472383,NA,NA,NA,-4.01196e-05,0.000185628,0.828887,NA,NA,NA
"rs17156577",0.0578,0.0098,4.246e-09,0.02015,0.02054,0.3266,-7.24913e-05,0.000780025,0.925956,-0.000994165,0.000466201,0.0329678,0.000541243,0.000290996,0.0629999,0.0121351,0.045126,0.794763,NA,NA,NA,-0.000267162,0.000267087,0.317176,NA,NA,NA
"rs17185310",0.0395,0.0069,8.70102e-09,-0.0006819,0.01439,0.9622,0.0011054,0.000536383,0.0393188,-0.00012349,0.000320586,0.70009,0.000113558,0.000200098,0.57,0.0560098,0.031147,0.0648455,NA,NA,NA,-9.8588e-05,0.000183663,0.591415,NA,NA,NA
"rs17268829",0.0495,0.0068,4.48952e-13,-0.001846,0.0147,0.9,-6.80076e-05,0.000534729,0.898797,-0.000197835,0.000319595,0.535905,3.54722e-05,0.00019984,0.86,0.0231832,0.03125,0.461565,0.0254728,0.0493845,0.605977,0.000193746,0.000183095,0.289978,NA,NA,NA
"rs17426269",0.0487,0.0086,1.74201e-08,0.007589,0.01849,0.6815,-0.00136409,0.000682161,0.0455386,0.000400154,0.000407715,0.326368,-0.000194973,0.000255113,0.44,-0.0132778,0.038062,0.740606,NA,NA,NA,0.000167909,0.000233579,0.47223,NA,NA,NA
"rs1778523",-0.0384,0.0066,7.55405e-09,0.01014,0.0138,0.4624,-0.000202883,0.000510458,0.691033,9.53101e-05,0.00030509,0.754738,-0.000208285,0.000190871,0.28,0.00809415,0.030039,0.792053,NA,NA,NA,9.56562e-05,0.000174785,0.584188,NA,NA,NA
"rs1800440",-0.0079,0.008,0.3195,0.005445,0.017,0.7488,-0.00390759,0.00062799,4.90219e-10,1.58101e-05,0.000375356,0.966403,-0.000699557,0.000234463,0.00280001,0.0439059,0.036015,0.21856,0.0548787,0.05637,0.330175,4.35548e-05,0.000215041,0.839493,-0.0411419,0.0540789,0.4437
"rs1805007",-0.0167,0.012,0.1631,0.02573,0.02488,0.3012,0.0150988,0.000795604,2.85167e-80,-0.000181202,0.000475752,0.703296,0.00386845,0.000299844,4.40048e-38,0.0259504,0.060105,0.676591,NA,NA,NA,5.00085e-05,0.000272557,0.854422,NA,NA,NA
"rs1973765",-0.0817,0.0064,9.7051e-38,0.01284,0.01347,0.3405,-0.000161987,0.000503933,0.747873,-0.000372134,0.000301189,0.216627,6.31694e-05,0.000188218,0.74,-0.0169549,0.029662,0.585623,NA,NA,NA,-0.000106496,0.000172551,0.537113,NA,NA,NA
"rs1985742",0.0588,0.0065,8.09655e-20,0.01005,0.01379,0.4664,-0.000387832,0.000509606,0.446632,-0.00039814,0.00030458,0.191154,0.000269467,0.000190195,0.16,0.104473,0.031848,0.000405005,NA,NA,NA,-0.000173447,0.000174493,0.320222,NA,NA,NA
"rs2016394",-0.0425,0.0062,6.23448e-12,0.005119,0.01316,0.697301,0.000120054,0.000489517,0.806263,-9.19955e-05,0.000292573,0.753191,2.96745e-05,0.000182984,0.87,-0.00796867,0.027195,0.777318,-0.0018982,0.0436889,0.965248,-2.29814e-05,0.000167615,0.890945,-0.00823381,0.0430913,0.8493
"rs204295",0.0026,0.0065,0.6851,0.007257,0.01358,0.593,0.00320222,0.000492818,8.16206e-11,0.00023788,0.000294564,0.41934,9.95848e-06,0.000184122,0.96,0.0104373,0.02761,0.710158,NA,NA,NA,0.000268769,0.000168754,0.111236,0.0971267,0.043003,0.0241702
"rs214803",0.0039,0.0092,0.677001,-0.001345,0.01808,0.9407,-0.00774366,0.000635763,4.02995e-34,0.000994626,0.000380056,0.00886972,-0.000101786,0.000237295,0.67,0.00361252,0.034966,0.920826,-0.00994933,0.0582552,0.86503,-0.000114052,0.000217735,0.600411,-0.129653,0.0571257,0.02311
"rs2151280",-0.0317,0.0062,3.26197e-07,0.005827,0.01324,0.66,-0.00409925,0.000489931,5.93198e-17,-0.000199049,0.000292849,0.496698,0.000215066,0.000182966,0.24,-0.00478543,0.027113,0.864275,0.281302,0.0446225,2.56e-10,-0.000168643,0.000167773,0.314809,0.0276152,0.0428587,0.5193
"rs2253012",0.0433,0.0065,3.1268e-11,0.001771,0.01347,0.8954,-0.000559755,0.00049339,0.256583,4.85507e-05,0.000294889,0.869227,0.000210584,0.000184465,0.25,0.0382452,0.029372,0.188487,0.0140015,0.0437412,0.749281,3.83972e-05,0.000168941,0.820205,-0.0148091,0.0431161,0.732
"rs2403907",-0.0796,0.0067,1.8681e-32,-0.002005,0.01417,0.8875,0.000950107,0.000527592,0.0717299,7.05636e-05,0.000315331,0.822932,-3.49223e-05,0.000197133,0.86,0.0183202,0.030294,0.549986,NA,NA,NA,-0.000291715,0.000180652,0.106357,NA,NA,NA
"rs2432539",-0.0349,0.0064,4.023e-08,-0.00363,0.01354,0.7886,-3.1911e-05,0.000499485,0.94906,2.04005e-05,0.000298531,0.945518,5.13643e-05,0.00018677,0.780001,0.0257897,0.027497,0.374248,-0.0584769,0.0440565,0.184307,8.30322e-05,0.000171028,0.62733,-0.0669949,0.0439004,0.1278
"rs2506889",-0.0615,0.0067,2.38177e-20,-0.009728,0.01415,0.4917,-0.00101773,0.000519277,0.0500092,-0.000206279,0.000310362,0.506281,-0.00034514,0.000194318,0.0759994,-0.0195937,0.02852,0.512925,0.0750469,0.0468721,0.109583,-0.000136729,0.000177806,0.441905,-0.0904719,0.0465616,0.05165
"rs2736100",-0.0011,0.0063,0.8549,-0.05823,0.0132,1.01501e-05,-0.0032197,0.000489231,4.6752e-11,0.00100376,0.000292415,0.000597751,4.56139e-05,0.000182746,0.8,-0.219362,0.021892,5.12979e-15,0.258512,0.0441463,4.27996e-09,-0.000306735,0.000167526,0.0671058,-0.0726782,0.0430654,0.091029
"rs2747652",0.0663,0.0062,1.30707e-26,0.009016,0.01316,0.4931,0.000225628,0.000489747,0.645012,-0.000214025,0.000292711,0.464668,2.01297e-05,0.000182991,0.91,0.0124168,0.027385,0.663195,NA,NA,NA,0.000108714,0.000167694,0.516797,NA,NA,NA
"rs2787486",-0.0758,0.0068,5.56416e-29,-0.02821,0.01432,0.0488101,0.0002003,0.000528034,0.704442,-0.000449476,0.000315593,0.154382,-0.00018398,0.000197386,0.35,0.00284894,0.030494,0.927561,0.025523,0.0485508,0.598969,-0.000279405,0.000180803,0.122261,0.0124775,0.0469633,0.7907
"rs2849699",-0.0082,0.0074,0.2683,0.002587,0.01578,0.8698,-0.00410876,0.000525719,5.48909e-15,5.52146e-05,0.000314237,0.860522,-0.00026703,0.000196196,0.17,0.014798,0.030579,0.633734,NA,NA,NA,0.000401549,0.000180025,0.0257134,NA,NA,NA
"rs28512361",0.0611,0.0109,2.249e-08,-0.007917,0.02197,0.7186,-0.00164052,0.00079395,0.0388034,-0.000613294,0.000474528,0.196209,-0.000187676,0.000296523,0.53,-0.0550562,0.046802,0.289814,NA,NA,NA,-0.000418777,0.000271856,0.123454,NA,NA,NA
"rs2853669",-0.0651,0.0069,4.04669e-21,-0.02617,0.01437,0.0686404,0.00376645,0.000526852,8.75992e-13,-0.00123178,0.000314904,9.16959e-05,-0.000573524,0.00019691,0.00359998,0.161628,0.043292,2.39001e-05,NA,NA,NA,0.000415708,0.00018041,0.0212095,NA,NA,NA
"rs2853677",0.0267,0.0064,3.00103e-05,-0.06321,0.01341,2.43299e-06,-0.00434379,0.000494749,1.64475e-18,0.000962764,0.000295728,0.00113175,-0.000166966,0.000184782,0.37,-0.219686,0.040053,3.85035e-11,NA,NA,NA,-0.00051722,0.000169422,0.00226699,NA,NA,NA
"rs2965183",0.0445,0.0065,6.31393e-12,0.03484,0.0138,0.01158,-0.000371846,0.000511214,0.466995,0.000468063,0.000305541,0.125544,-0.00017901,0.000190782,0.35,0.0100919,0.029259,0.735059,-0.016267,0.0456171,0.720767,-3.41116e-05,0.000175044,0.845491,-0.0602809,0.045205,0.1816
"rs2992756",-0.0506,0.0063,1.60398e-15,0.01684,0.01335,0.207,-0.000315084,0.000488254,0.518714,1.66447e-05,0.000291819,0.954515,6.24375e-05,0.000182582,0.73,-0.0163486,0.027711,0.559545,NA,NA,NA,-0.000283289,0.000167182,0.0901716,NA,NA,NA
"rs3087243",0.002,0.0063,0.752,0.01388,0.01352,0.3046,0.00355851,0.000491376,4.432e-13,-0.000269547,0.000293705,0.358753,0.000216715,0.000183464,0.24,-0.0313256,0.026596,0.266762,NA,NA,NA,3.97681e-05,0.000168263,0.813165,0.0009995,0.043104,0.9895
"rs332529",-0.0606,0.0089,9.01571e-12,0.01717,0.01825,0.3469,0.000511026,0.000687111,0.457039,-6.01795e-06,0.000410672,0.988308,0.00025751,0.000255446,0.31,0.0157139,0.037872,0.68483,NA,NA,NA,0.00021434,0.000235273,0.362281,NA,NA,NA
"rs340797",-0.0024,0.0106,0.8182,0.01342,0.02156,0.5337,-0.00668185,0.00079973,6.55843e-17,0.000686525,0.000478026,0.150956,-3.9172e-05,0.00029664,0.89,0.149693,0.048944,0.000669006,NA,NA,NA,2.78095e-05,0.000273861,0.919117,NA,NA,NA
"rs34195518",0.0611,0.0096,2.014e-10,0.006344,0.02018,0.753199,0.00249531,0.000745545,0.000817109,-0.000235194,0.000445603,0.597631,NA,NA,NA,NA,NA,NA,NA,NA,NA,-0.000302409,0.000255284,0.236178,NA,NA,NA
"rs35063026",-0.0145,0.012,0.2247,0.001632,0.02496,0.9479,0.0147282,0.000811218,1.2494e-73,-0.000129003,0.000485068,0.79028,0.00404767,0.000305679,5.00035e-40,0.0217018,0.055253,0.704166,NA,NA,NA,9.80083e-05,0.000277895,0.724328,NA,NA,NA
"rs35251485",-0.0086,0.0139,0.534101,-0.005688,0.03087,0.8538,-0.00975552,0.00101604,7.92684e-22,-0.00137925,0.000607339,0.0231494,NA,NA,NA,0.0463204,0.058702,0.435271,NA,NA,NA,-0.000365581,0.000347945,0.293403,NA,NA,NA
"rs35383942",0.101,0.0139,3.79315e-13,-0.07658,0.03005,0.0107399,-1.96455e-05,0.00100187,0.984355,-0.000338209,0.000598794,0.572199,NA,NA,NA,0.0352561,0.064528,0.595665,NA,NA,NA,-0.000539792,0.000343047,0.115599,NA,NA,NA
"rs35910339",0.0462,0.0067,5.40879e-12,-0.01325,0.0142,0.351,-0.00113933,0.000524739,0.0299137,0.000123944,0.000313627,0.6927,-0.000278999,0.000196181,0.15,0.0242333,0.028772,0.424819,-0.0722482,0.047537,0.12828,-0.000304282,0.000179675,0.0903587,0.0553013,0.0463432,0.234
"rs35961416",-0.0417,0.0066,2.712e-10,0.01425,0.01378,0.301,0.000551114,0.000526085,0.294835,-0.000160171,0.00031443,0.610472,NA,NA,NA,NA,NA,NA,NA,NA,NA,7.44208e-05,0.000180136,0.679507,NA,NA,NA
"rs36019446",-5e-04,0.0063,0.9408,-0.006145,0.01337,0.6457,-0.00370561,0.000491094,4.51128e-14,3.22106e-05,0.000293539,0.912622,NA,NA,NA,-0.15061,0.026843,2.94999e-06,NA,NA,NA,-0.000237623,0.000168168,0.157653,NA,NA,NA
"rs3769821",-0.0565,0.0065,3.96917e-18,-0.02968,0.01398,0.0337404,-0.0055905,0.000527072,2.79834e-26,-0.000704913,0.000315067,0.0252645,-0.00054423,0.000196323,0.00560003,-0.0254942,0.029409,0.387558,NA,NA,NA,0.000283375,0.000180502,0.116431,NA,NA,NA
"rs3778607",0.006,0.0063,0.3354,0.003062,0.01323,0.817,0.00452514,0.000492415,3.95913e-20,-0.00065164,0.000294338,0.0268349,0.000151685,0.000182808,0.41,0.0435894,0.027293,0.137305,0.0112632,0.0441885,0.798709,9.94796e-05,0.000168627,0.555231,-0.08158,0.0435751,0.0605801
"rs3821902",0.0623,0.0089,2.9902e-12,0.02781,0.01914,0.1462,0.00039578,0.000703035,0.573462,-6.76782e-05,0.000420189,0.872041,-0.000527598,0.000263099,0.0449997,0.0562461,0.041304,0.166129,0.0192848,0.0630885,0.759862,-5.00097e-05,0.000240725,0.835428,-0.0852598,0.0620305,0.1681
"rs3903072",-0.0434,0.0062,2.25424e-12,0.002601,0.01313,0.8429,-0.00234024,0.00048978,1.76995e-06,3.47305e-05,0.00029274,0.905561,-0.000335826,0.000183096,0.0669993,0.0242428,0.02822,0.39191,0.0344879,0.0440711,0.433346,0.000173245,0.00016771,0.301603,NA,NA,NA
"rs4081859",0.0521,0.0073,7.0762e-13,-0.008455,0.01527,0.5797,0.000915926,0.000563196,0.103887,-0.000113092,0.000336611,0.736892,1.98514e-05,0.000210142,0.92,-0.00923027,0.031719,0.775983,-0.150242,0.0517934,0.00368494,0.000139137,0.000192844,0.4706,-0.0166376,0.0492387,0.7364
"rs418053",-0.0465,0.0063,1.19509e-13,-0.03185,0.01331,0.0167101,0.000735035,0.000494431,0.137114,-0.000408338,0.000295511,0.167033,-0.000195884,0.000184712,0.29,-0.0647423,0.029333,0.0220009,-0.084034,0.0438712,0.0551264,0.000184616,0.000169298,0.275502,-0.00190181,0.0431503,0.9655
"rs421284",0.0038,0.0062,0.5446,-0.0173,0.01325,0.1914,-0.00382973,0.00049232,7.33162e-15,0.000532613,0.000294272,0.0703072,0.00109723,0.000183945,2.39999e-09,-0.129396,0.024498,6.48993e-06,-0.0544882,0.0438158,0.213324,-0.000337643,0.000168588,0.0452022,0.0246926,0.0435923,0.5766
"rs4233486",0.0396,0.0069,9.08511e-09,0.01365,0.01421,0.3367,-0.000444729,0.000517975,0.390566,-0.000267065,0.000309582,0.388323,0.000345252,0.000193437,0.0739997,0.0281104,0.028305,0.348347,NA,NA,NA,-0.000178682,0.000177359,0.313714,NA,NA,NA
"rs4286946",-0.0799,0.0083,8.62581e-22,0.0006617,0.01713,0.9692,0.000243155,0.000659071,0.712175,0.000751525,0.000393911,0.0564105,0.000297392,0.000244272,0.22,0.0114472,0.035215,0.750895,NA,NA,NA,0.000546308,0.00022567,0.0154857,NA,NA,NA
"rs4442975",-0.1274,0.0061,1.13999e-95,-0.007202,0.01315,0.584,0.000806505,0.000490761,0.100306,-0.000355734,0.000293318,0.22521,-5.68667e-05,0.000183306,0.760001,-0.0526257,0.029116,0.0638866,NA,NA,NA,0.000189956,0.000168041,0.258302,NA,NA,NA
"rs4449583",0.0353,0.0067,1.67201e-07,0.0976,0.01426,7.7589e-12,0.0017491,0.000523011,0.000825049,-0.000550707,0.000312596,0.0781178,0.000191352,0.000195262,0.33,0.226152,0.042028,7.15979e-11,NA,NA,NA,0.000215991,0.000179086,0.227789,NA,NA,NA
"rs4496150",-0.0416,0.0072,8.09096e-09,-0.003994,0.01517,0.792301,0.000283358,0.000573031,0.620961,0.00026416,0.000342488,0.440531,-0.000218677,0.00021387,0.31,-0.00273875,0.0312,0.932387,NA,NA,NA,-0.000177224,0.000196211,0.366403,-0.0296348,0.0497255,0.5512
"rs4532479",0.0046,0.0071,0.519501,0.003162,0.01465,0.8291,0.00204837,0.000553225,0.000213427,-0.000693519,0.000442263,0.116855,-6.28484e-05,0.000205846,0.760001,NA,NA,NA,NA,NA,NA,-0.000256339,0.000189432,0.175993,NA,NA,NA
"rs4532479",0.0046,0.0071,0.519501,0.003162,0.01465,0.8291,0.00614661,0.000739901,9.81974e-17,0.000167423,0.000330657,0.612621,-6.28484e-05,0.000205846,0.760001,NA,NA,NA,NA,NA,NA,-0.000256339,0.000189432,0.175993,NA,NA,NA
"rs4532479",0.0046,0.0071,0.519501,0.003162,0.01465,0.8291,0.00614661,0.000739901,9.81974e-17,0.000167423,0.000330657,0.612621,0.00060522,0.000277453,0.0290001,NA,NA,NA,NA,NA,NA,-1.54282e-05,0.000253373,0.951446,NA,NA,NA
"rs4532479",0.0046,0.0071,0.519501,0.003162,0.01465,0.8291,0.00614661,0.000739901,9.81974e-17,-0.000693519,0.000442263,0.116855,0.00060522,0.000277453,0.0290001,NA,NA,NA,NA,NA,NA,-0.000256339,0.000189432,0.175993,NA,NA,NA
"rs4532479",0.0046,0.0071,0.519501,0.003162,0.01465,0.8291,0.00204837,0.000553225,0.000213427,0.000167423,0.000330657,0.612621,-6.28484e-05,0.000205846,0.760001,NA,NA,NA,NA,NA,NA,-1.54282e-05,0.000253373,0.951446,NA,NA,NA
"rs4532479",0.0046,0.0071,0.519501,0.003162,0.01465,0.8291,0.00204837,0.000553225,0.000213427,-0.000693519,0.000442263,0.116855,-6.28484e-05,0.000205846,0.760001,NA,NA,NA,NA,NA,NA,-1.54282e-05,0.000253373,0.951446,NA,NA,NA
"rs4532479",0.0046,0.0071,0.519501,0.003162,0.01465,0.8291,0.00204837,0.000553225,0.000213427,-0.000693519,0.000442263,0.116855,0.00060522,0.000277453,0.0290001,NA,NA,NA,NA,NA,NA,-0.000256339,0.000189432,0.175993,NA,NA,NA
"rs4532479",0.0046,0.0071,0.519501,0.003162,0.01465,0.8291,0.00614661,0.000739901,9.81974e-17,0.000167423,0.000330657,0.612621,-6.28484e-05,0.000205846,0.760001,NA,NA,NA,NA,NA,NA,-1.54282e-05,0.000253373,0.951446,NA,NA,NA
"rs4532479",0.0046,0.0071,0.519501,0.003162,0.01465,0.8291,0.00614661,0.000739901,9.81974e-17,0.000167423,0.000330657,0.612621,0.00060522,0.000277453,0.0290001,NA,NA,NA,NA,NA,NA,-0.000256339,0.000189432,0.175993,NA,NA,NA
"rs4532479",0.0046,0.0071,0.519501,0.003162,0.01465,0.8291,0.00614661,0.000739901,9.81974e-17,-0.000693519,0.000442263,0.116855,0.00060522,0.000277453,0.0290001,NA,NA,NA,NA,NA,NA,-1.54282e-05,0.000253373,0.951446,NA,NA,NA
"rs4532479",0.0046,0.0071,0.519501,0.003162,0.01465,0.8291,0.00204837,0.000553225,0.000213427,0.000167423,0.000330657,0.612621,-6.28484e-05,0.000205846,0.760001,NA,NA,NA,NA,NA,NA,-0.000256339,0.000189432,0.175993,NA,NA,NA
"rs4532479",0.0046,0.0071,0.519501,0.003162,0.01465,0.8291,0.00204837,0.000553225,0.000213427,0.000167423,0.000330657,0.612621,0.00060522,0.000277453,0.0290001,NA,NA,NA,NA,NA,NA,-0.000256339,0.000189432,0.175993,NA,NA,NA
"rs4532479",0.0046,0.0071,0.519501,0.003162,0.01465,0.8291,0.00614661,0.000739901,9.81974e-17,-0.000693519,0.000442263,0.116855,-6.28484e-05,0.000205846,0.760001,NA,NA,NA,NA,NA,NA,-1.54282e-05,0.000253373,0.951446,NA,NA,NA
"rs4532479",0.0046,0.0071,0.519501,0.003162,0.01465,0.8291,0.00204837,0.000553225,0.000213427,0.000167423,0.000330657,0.612621,0.00060522,0.000277453,0.0290001,NA,NA,NA,NA,NA,NA,-1.54282e-05,0.000253373,0.951446,NA,NA,NA
"rs4532479",0.0046,0.0071,0.519501,0.003162,0.01465,0.8291,0.00614661,0.000739901,9.81974e-17,-0.000693519,0.000442263,0.116855,-6.28484e-05,0.000205846,0.760001,NA,NA,NA,NA,NA,NA,-0.000256339,0.000189432,0.175993,NA,NA,NA
"rs4532479",0.0046,0.0071,0.519501,0.003162,0.01465,0.8291,0.00204837,0.000553225,0.000213427,-0.000693519,0.000442263,0.116855,0.00060522,0.000277453,0.0290001,NA,NA,NA,NA,NA,NA,-1.54282e-05,0.000253373,0.951446,NA,NA,NA
"rs4562056",0.0416,0.0067,4.719e-10,0.003687,0.01402,0.7926,-0.000938696,0.000515148,0.0684274,-0.000163006,0.000307894,0.596512,-0.000167476,0.000192245,0.38,-0.0143028,0.029491,0.642716,NA,NA,NA,0.000262884,0.000176391,0.136135,NA,NA,NA
"rs4702131",-0.0424,0.0062,1.00207e-11,-0.03318,0.01327,0.01244,-0.00026053,0.000492759,0.597004,-0.000338273,0.000294511,0.250725,0.000160824,0.000184244,0.38,0.042369,0.026671,0.138659,NA,NA,NA,-0.000162939,0.000168725,0.334189,0.00399202,0.0435128,0.9343
"rs4712653",-0.0178,0.0063,0.00436697,0.002333,0.01326,0.8604,-0.00133815,0.000490227,0.00634045,0.000176102,0.000293001,0.547821,-7.46966e-05,0.000183187,0.68,0.0215188,0.027835,0.44214,-0.0476159,0.0437949,0.276966,0.000289376,0.000167859,0.0847227,-0.330742,0.0433977,2.4598e-14
"rs4784227",0.2153,0.0071,1e-200,-0.009053,0.01535,0.5554,0.000192735,0.000572375,0.736322,-7.29517e-05,0.000342096,0.831133,0.000104053,0.000213641,0.630001,0.0249814,0.032468,0.444797,NA,NA,NA,4.68152e-05,0.000195986,0.811207,NA,NA,NA
"rs479777",-0.0062,0.0066,0.3455,0.01918,0.01402,0.1713,0.00318805,0.00051601,6.48799e-10,0.000248673,0.000308424,0.420088,0.000295117,0.000192845,0.13,0.0223191,0.030417,0.466492,NA,NA,NA,-0.00021389,0.000176695,0.226086,NA,NA,NA
"rs4808075",0.0383,0.0067,1.32401e-08,0.1224,0.01437,1.53886e-17,0.00227191,0.000536387,2.28018e-05,-0.000104307,0.000320595,0.744914,0.000213709,0.000200588,0.29,-0.000227026,0.029699,0.994086,NA,NA,NA,-7.3451e-05,0.000183668,0.689222,NA,NA,NA
"rs4820318",-0.0475,0.0064,1.02991e-13,-0.01132,0.01352,0.4024,-0.00107845,0.000503653,0.0322537,-0.000211228,0.000301024,0.482868,-0.000595643,0.000188376,0.0016,0.0272026,0.028791,0.345166,NA,NA,NA,0.000275639,0.000172456,0.109973,NA,NA,NA
"rs4848599",0.0933,0.01,1.58489e-20,-0.005505,0.02049,0.788199,0.000871931,0.00077113,0.258174,0.000521872,0.000460888,0.257501,0.000707812,0.000286473,0.0129999,-0.0826485,0.047856,0.0728836,NA,NA,NA,-0.000103385,0.000264042,0.695392,-0.111541,0.0696585,0.1105
"rs4971059",0.0424,0.0064,4.82503e-11,0.004712,0.01373,0.731499,-0.000969515,0.000508532,0.0565861,-0.000386,0.000303939,0.204088,0.000280494,0.000190224,0.14,0.0310199,0.029739,0.295903,-0.0327576,0.044924,0.466144,0.000277444,0.000174126,0.111082,0.0629748,0.0450321,0.1637
"rs527616",0.0499,0.0064,6.70039e-15,-0.02035,0.01361,0.1347,-0.00115898,0.000543339,0.03292,0.000531779,0.000324742,0.101518,-7.42222e-05,0.00020311,0.709999,0.0254255,0.028935,0.4057,NA,NA,NA,7.67897e-05,0.000186045,0.67979,NA,NA,NA
"rs532436",0.0431,0.0078,2.90603e-08,0.09608,0.0166,7.27998e-09,-0.000578996,0.000631055,0.358879,0.000155829,0.000377168,0.679491,0.000116117,0.000234938,0.62,-0.0121434,0.033594,0.730042,NA,NA,NA,-0.000100906,0.000216079,0.64051,NA,NA,NA
"rs55775505",-0.006,0.008,0.452101,0.00637,0.01583,0.687401,0.00288632,0.000527322,4.41418e-08,0.000228673,0.000315182,0.468129,0.000436317,0.000196895,0.0269998,0.0178262,0.031297,0.574028,NA,NA,NA,-0.000253016,0.000180567,0.161144,NA,NA,NA
"rs56013747",-0.0497,0.009,3.73801e-08,0.02013,0.01802,0.2641,-0.0018427,0.00062854,0.00337116,-0.00011699,0.000375669,0.755484,-6.28557e-05,0.000235862,0.79,0.0250266,0.037723,0.533842,NA,NA,NA,-0.000187416,0.00021522,0.383857,NA,NA,NA
"rs56077333",0.0078,0.0065,0.2342,0.02381,0.01398,0.0886196,-0.000354156,0.000523516,0.498726,-0.000256296,0.000312894,0.412721,-0.00024484,0.000195457,0.21,0.308928,0.040166,2.91005e-24,NA,NA,NA,0.000166174,0.000179256,0.353916,NA,NA,NA
"rs56387622",-0.0942,0.0106,5.46512e-19,-0.007918,0.02183,0.716901,-0.000472492,0.000825474,0.567059,2.32888e-05,0.000493368,0.962351,-9.982e-06,0.000306135,0.97,-0.0255732,0.042949,0.578953,-0.0983057,0.0746231,0.187422,-1.89598e-05,0.00028265,0.946519,0.0256677,0.0698726,0.7115
"rs56891541",0.0535,0.0072,8.98669e-14,-0.0328,0.01536,0.0327597,-0.000320813,0.000569254,0.573049,0.000630376,0.000340229,0.0639116,NA,NA,NA,NA,NA,NA,NA,NA,NA,-0.00015568,0.000194917,0.424466,NA,NA,NA
"rs56971155",-0.0424,0.0064,3.62577e-11,0.007245,0.01346,0.5904,7.44665e-05,0.00049823,0.881189,0.000615361,0.00029778,0.038782,-2.8768e-05,0.000186236,0.88,0.00177243,0.028777,0.952185,NA,NA,NA,0.000217291,0.000170598,0.202769,NA,NA,NA
"rs57212245",-0.0652,0.0119,4.08903e-08,-0.0124,0.02516,0.6221,-0.00087498,0.000954392,0.359251,-0.000505025,0.000570419,0.375964,NA,NA,NA,0.0475179,0.057727,0.414636,NA,NA,NA,-0.000258394,0.000326792,0.42912,NA,NA,NA
"rs58058861",0.0474,0.0074,1.907e-10,0.02226,0.01616,0.1685,-0.00148837,0.000590458,0.0117125,-4.89253e-05,0.000352907,0.889739,-0.000174909,0.000221108,0.43,-0.084344,0.030347,0.0134971,NA,NA,NA,-0.000186956,0.000202179,0.355122,0.0516432,0.0508822,0.3131
"rs5995875",0.1206,0.0098,9.03858e-35,-0.0004719,0.0213,0.9823,-0.000646285,0.000818019,0.429492,0.000265132,0.000488912,0.587619,0.000109774,0.000304883,0.719999,0.0221,0.044373,0.626145,-0.0211742,0.0722419,0.769616,0.000473055,0.000280096,0.0912389,-0.0190809,0.0742438,0.7969
"rs5997389",0.0791,0.0108,2.19079e-13,-0.0992,0.02398,3.40596e-05,-0.000359956,0.000896987,0.688204,0.000489177,0.000536109,0.361528,NA,NA,NA,-0.03446,0.046307,0.493596,NA,NA,NA,-0.000486181,0.000307135,0.113432,NA,NA,NA
"rs6010620",-0.0132,0.0073,0.0733297,-0.03157,0.01564,0.04348,-0.00092984,0.000565803,0.100302,-0.000835288,0.000338167,0.0135101,-0.000285885,0.000211748,0.18,0.0355733,0.031507,0.291715,-0.35539,0.0553212,1.13e-10,0.000375717,0.000193736,0.0524626,0.0304592,0.0510725,0.5512
"rs6059655",-0.0403,0.0119,0.000709006,-0.03191,0.02515,0.2047,-0.0118086,0.000811119,5.32844e-48,0.000365917,0.00048493,0.450504,-0.00247048,0.000305746,6.4998e-16,-0.125162,0.061555,0.0293177,NA,NA,NA,-0.000237945,0.000277815,0.391729,NA,NA,NA
"rs60954078",0.1817,0.0117,2.83988e-54,-0.0043,0.02562,0.8667,-0.00165448,0.000948355,0.0810588,-0.000657844,0.000566812,0.245804,NA,NA,NA,-0.0154365,0.049835,0.772111,NA,NA,NA,0.000221884,0.000324726,0.494419,NA,NA,NA
"rs60960598",0.0218,0.0066,0.000930294,0.001696,0.01391,0.903,0.00622173,0.000507679,1.60029e-34,-0.000175561,0.000303492,0.562946,NA,NA,NA,NA,NA,NA,NA,NA,NA,1.7052e-05,0.00017387,0.921874,NA,NA,NA
"rs6122906",0.0507,0.008,2.44698e-10,0.004966,0.01692,0.7691,-8.85624e-05,0.000615094,0.885515,0.000373317,0.000367628,0.30988,0.000325944,0.000229872,0.16,-0.000794315,0.036385,0.983218,NA,NA,NA,0.000175265,0.000210613,0.405315,NA,NA,NA
"rs62048402",-0.0624,0.0063,3.50026e-23,0.02063,0.01333,0.1219,-0.000302509,0.000498557,0.544004,-0.000254683,0.000297976,0.392714,5.68939e-06,0.000186107,0.98,-0.0161345,0.027541,0.575166,-0.0959463,0.0445133,0.0310513,0.000157883,0.00017071,0.35504,-0.0471964,0.0441277,0.2849
"rs62052673",-0.0286,0.0134,0.03304,-0.000695,0.02721,0.9796,-0.00718799,0.000940861,2.18072e-14,4.271e-05,0.000562377,0.939462,NA,NA,NA,NA,NA,NA,NA,NA,NA,4.57625e-05,0.000322185,0.88705,NA,NA,NA
"rs62202837",-0.003,0.0082,0.7142,-0.01595,0.01636,0.3295,-0.00452154,0.000573874,3.30979e-15,-0.000157302,0.000343022,0.646536,-0.0003356,0.000214833,0.12,0.0212809,0.033464,0.529679,-0.0578915,0.0503567,0.250309,0.000170682,0.000196516,0.385099,-0.076961,0.0511678,0.1323
"rs62209647",0.0454,0.0119,0.000143599,0.02287,0.02466,0.3539,0.0116352,0.000824428,3.24414e-45,-0.000342713,0.000492878,0.48685,0.00260519,0.000310807,5.19996e-17,0.127451,0.065095,0.0360421,NA,NA,NA,0.000216195,0.000282369,0.443887,NA,NA,NA
"rs62237573",0.4256,0.034,6.87385e-36,0.01192,0.07394,0.8719,-0.000638866,0.00253847,0.801293,-0.000854106,0.00151718,0.573466,NA,NA,NA,0.166293,0.156621,0.278917,NA,NA,NA,0.00116623,0.00086919,0.179678,NA,NA,NA
"rs62276619",0.0058,0.0144,0.684499,0.37,0.0284,5.53478e-39,0.000800464,0.00110615,0.469282,-0.00126801,0.000661119,0.0551138,NA,NA,NA,-0.0554281,0.059282,0.407065,0.234078,0.101961,0.0215333,-2.73086e-05,0.000378755,0.942522,NA,NA,NA
"rs62331150",0.0494,0.0074,1.84714e-11,-0.0006475,0.0159,0.9675,0.0012254,0.000607774,0.0437774,-0.000520593,0.000363254,0.151819,9.98332e-06,0.000226361,0.96,-0.000984484,0.032366,0.97653,NA,NA,NA,-0.00011126,0.000208108,0.592908,NA,NA,NA
"rs62355901",0.1734,0.0082,3.41979e-98,-0.0202,0.01805,0.2632,0.000219688,0.000661843,0.739941,0.000516835,0.000395568,0.191361,-0.000631539,0.000247194,0.0109999,-0.0656175,0.034805,0.0890533,NA,NA,NA,0.000103327,0.000226621,0.648428,NA,NA,NA
"rs62485509",-0.0545,0.0079,4.45143e-12,-0.03241,0.01635,0.0474898,0.00135906,0.000611724,0.0263045,-0.000249946,0.000365616,0.494211,NA,NA,NA,NA,NA,NA,NA,NA,NA,0.000348477,0.00020946,0.0961745,NA,NA,NA
"rs62541919",-0.0163,0.0063,0.00944691,0.1276,0.01342,1.76685e-21,0.00355106,0.000503109,1.68927e-12,-0.000200594,0.000300718,0.504741,0.000574618,0.00018753,0.00219999,0.0558003,0.026278,0.0508335,0.0200967,0.0447441,0.652595,-0.000152743,0.00017228,0.375299,0.0925792,0.0439194,0.0351698
"rs630965",0.0992,0.0064,3.20701e-54,0.03008,0.01359,0.0268999,0.000275317,0.000503234,0.584314,-0.000261357,0.000300772,0.384872,-0.000139192,0.000188179,0.46,-3.49994e-05,0.028042,0.999018,NA,NA,NA,0.000148043,0.000172311,0.390254,0.00498754,0.0444336,0.9173
"rs6472903",0.0778,0.0083,4.43302e-21,0.001254,0.01726,0.9421,-0.000917089,0.000637967,0.150572,-0.000230848,0.0003813,0.544896,-8.62253e-05,0.000238785,0.719999,0.051046,0.034627,0.176954,NA,NA,NA,0.000165269,0.000218446,0.449309,0.0438474,0.056984,0.442
"rs6496746",-0.0528,0.0082,1.05099e-10,-0.095,0.01735,4.18398e-08,-0.0012984,0.000661515,0.0496752,-0.000452574,0.000395375,0.252346,-0.000174182,0.000245844,0.48,-0.0520957,0.034334,0.164935,NA,NA,NA,6.10257e-05,0.00022651,0.78761,NA,NA,NA
"rs6562760",0.0443,0.0073,1.493e-09,-0.01601,0.01549,0.3014,-0.00096337,0.000572304,0.0923145,-0.000448289,0.000342054,0.19,-0.000529573,0.000213533,0.0129999,0.0109993,0.031597,0.738841,NA,NA,NA,0.000340162,0.000195962,0.0825886,-0.0667236,0.0501191,0.1853
"rs6569648",0.0512,0.0073,2.97577e-12,0.007517,0.01558,0.6295,0.00134787,0.000570742,0.0181962,0.000270597,0.000341122,0.42763,0.000152068,0.000213812,0.48,0.00088339,0.031791,0.978543,0.0716693,0.0511366,0.161267,8.86899e-05,0.000195428,0.649958,-0.0140989,0.0512253,0.7835
"rs6596100",-0.0439,0.0076,7.74194e-09,-0.01684,0.01582,0.2873,-0.00154081,0.000575711,0.00744303,1.98848e-05,0.000344093,0.953917,-0.000366365,0.000215189,0.089,-0.0396466,0.031192,0.237042,-0.043634,0.0487935,0.37119,-0.000463528,0.000197129,0.0187038,-0.0951902,0.049646,0.0555201
"rs6597981",0.0439,0.0062,1.34586e-12,-0.00648,0.01319,0.6233,0.00018472,0.000490803,0.706648,-0.000222386,0.000293342,0.448383,-0.000124972,0.000183231,0.5,0.0160206,0.026812,0.567208,-0.0169427,0.0440283,0.699956,0.000119205,0.000168055,0.478126,0.0697789,0.0431946,0.1065
"rs66572733",0.095,0.0162,4.74198e-09,-0.01093,0.03545,0.757801,-0.00150999,0.00148568,0.309458,0.00138208,0.000887959,0.119598,NA,NA,NA,-0.0362999,0.064179,0.610752,NA,NA,NA,1.5869e-05,0.000508712,0.975114,NA,NA,NA
"rs6679677",0.0584,0.0105,2.29499e-08,0.0371,0.0225,0.0992293,-0.00461595,0.000804733,9.7013e-09,-0.000127508,0.000480993,0.790937,-0.000386143,0.000302887,0.2,-0.0689868,0.044493,0.168051,-0.058795,0.0715139,0.410918,-4.8031e-05,0.00027556,0.861627,NA,NA,NA
"rs6707137",3e-04,0.0141,0.9844,0.04091,0.03036,0.1779,-0.00681998,0.00100553,1.18304e-11,0.00100751,0.000601018,0.0936742,NA,NA,NA,-0.0530812,0.056818,0.404936,NA,NA,NA,0.000608956,0.000344322,0.0769662,0.0610951,0.0906157,0.498
"rs67087079",0.0527,0.0093,1.323e-08,-0.00412,0.01979,0.8351,-0.00021134,0.000739352,0.774997,-0.000745737,0.000441893,0.0914892,0.000525187,0.000276419,0.0569994,0.0587141,0.043049,0.16511,NA,NA,NA,-0.000153141,0.00025316,0.545235,NA,NA,NA
"rs6719014",-0.0562,0.0068,1.76889e-16,-0.03161,0.0146,0.03039,-0.00667006,0.000553862,2.14783e-33,-0.00063467,0.000331096,0.0552548,-0.000503896,0.000206403,0.015,-0.0357377,0.031091,0.2477,NA,NA,NA,0.000124503,0.000189685,0.51159,NA,NA,NA
"rs6725517",-0.0468,0.0067,2.93022e-12,0.01344,0.01378,0.3295,-0.000935252,0.000493385,0.0580163,-0.000450149,0.000294886,0.126881,-0.000275202,0.000184337,0.14,0.00913713,0.028131,0.749917,-0.00707491,0.044804,0.874496,-0.00010444,0.00016894,0.536439,0.0554347,0.0433038,0.1978
"rs6764416",-0.0274,0.0063,1.305e-05,0.03022,0.01338,0.0239001,0.00432121,0.000495871,2.93495e-18,-0.000170652,0.000296402,0.564787,0.000114037,0.000185298,0.54,0.00235123,0.027812,0.934306,0.0140989,0.0446258,0.751936,6.18083e-05,0.000169808,0.715866,0.0852311,0.0440051,0.0526199
"rs6787391",0.0567,0.0064,9.07403e-19,-0.0168,0.01374,0.2214,6.25011e-05,0.000503521,0.901214,-5.11694e-05,0.000300943,0.864987,0.000455228,0.00018833,0.016,0.00372107,0.02916,0.900982,0.012275,0.0451857,0.786196,-0.000158533,0.00017241,0.357828,-0.0305292,0.044289,0.4844
"rs68056147",0.0501,0.0069,5.36043e-13,-0.0117,0.01456,0.4215,0.000850341,0.000537301,0.11351,0.000205075,0.000321134,0.523086,7.28859e-05,0.000201155,0.719999,-0.0222466,0.03131,0.501058,NA,NA,NA,0.000217404,0.000183977,0.237329,NA,NA,NA
"rs6815814",0.052,0.0072,6.13056e-13,0.02979,0.0156,0.0561604,0.000478303,0.000613866,0.435883,0.000179325,0.000366894,0.625009,-6.02102e-05,0.00022348,0.79,0.0237536,0.032381,0.466828,NA,NA,NA,-0.000133591,0.000210193,0.525062,NA,NA,NA
"rs6882649",0.0388,0.0066,3.67198e-09,-0.00645,0.01401,0.6453,-0.00144824,0.000527478,0.00604046,5.29425e-06,0.000315265,0.986602,NA,NA,NA,0.0253783,0.02827,0.395262,NA,NA,NA,0.000183478,0.000180615,0.309701,NA,NA,NA
"rs6983267",0.0145,0.0062,0.0187301,0.003636,0.01314,0.782,-0.00117383,0.000488606,0.0162885,-0.00182377,0.000292015,4.23019e-10,-8.86e-05,0.000182639,0.630001,0.0109844,0.02756,0.694983,0.020611,0.0435914,0.636438,0.000282435,0.000167303,0.0913819,-0.0535063,0.0429332,0.2127
"rs6989943",0.0067,0.0084,0.424,0.02177,0.01788,0.2234,-0.00578309,0.00067827,1.5174e-17,0.000155932,0.000405428,0.700527,-0.000341771,0.000252748,0.18,0.0019481,0.036176,0.958496,NA,NA,NA,0.000308089,0.000232268,0.184696,NA,NA,NA
"rs7072776",-0.0618,0.0068,1.74904e-19,-0.05799,0.01445,6.01105e-05,-0.000217985,0.000548487,0.691051,-0.000387652,0.000327818,0.237,-0.000440254,0.000204444,0.0309999,-0.065386,0.031865,0.033532,-0.0351092,0.0481989,0.466912,-0.000153242,0.000187807,0.414524,0.00170145,0.0475274,0.9708
"rs7084454",0.0404,0.0066,9.09892e-10,0.08833,0.01395,2.40802e-10,0.000549494,0.000524146,0.294474,0.000214241,0.000313271,0.494049,0.000291122,0.000195402,0.14,0.0280859,0.029469,0.340861,0.0538228,0.0459748,0.241437,8.1459e-05,0.000179472,0.649916,-0.0217615,0.0448701,0.6282
"rs71238846",-0.0427,0.0082,1.81101e-07,0.1269,0.01693,6.59022e-14,0.000494556,0.000629146,0.431823,0.000155141,0.000376027,0.679916,-0.000337815,0.000234872,0.15,-0.0494508,0.037091,0.222513,NA,NA,NA,0.000403416,0.000215424,0.0611153,NA,NA,NA
"rs7149262",-0.0724,0.0076,2.47116e-21,-0.02172,0.01611,0.1775,0.00087441,0.000600588,0.145414,0.000254053,0.000358959,0.479101,0.000404706,0.000224853,0.0719996,-3.30005e-05,0.033434,0.999241,NA,NA,NA,0.000117,0.000205647,0.569399,NA,NA,NA
"rs71557345",-0.0806,0.0129,3.87097e-10,0.01715,0.02557,0.5024,0.000842918,0.000841741,0.316635,0.000186024,0.000503091,0.711561,0.000157783,0.000293627,0.59,0.00368421,0.052483,0.94673,NA,NA,NA,-0.000108439,0.00028822,0.706741,NA,NA,NA
"rs71559437",-0.0686,0.0099,5.0501e-12,-0.03357,0.02001,0.0934501,-0.00054866,0.000719363,0.445641,0.000778113,0.000429946,0.0703283,-0.000223864,0.000266668,0.4,0.0073668,0.043291,0.869637,NA,NA,NA,0.000121923,0.000246316,0.62061,NA,NA,NA
"rs7223535",-0.0439,0.007,3.52899e-10,-0.07553,0.01484,3.476e-07,5.19165e-05,0.000550186,0.924822,-3.61532e-06,0.000328834,0.991228,0.000135404,0.000205597,0.51,-0.0200425,0.031175,0.541684,NA,NA,NA,-7.07753e-05,0.000188388,0.707149,NA,NA,NA
"rs7258465",-0.0725,0.0066,2.78869e-28,0.001529,0.01391,0.9125,0.000129175,0.000512606,0.801043,-0.000403677,0.000306373,0.187638,0.000211318,0.000191737,0.27,0.0103176,0.029732,0.733562,0.119572,0.0548093,0.0290717,-0.000371733,0.00017552,0.0341846,-0.0506931,0.04497,0.2597
"rs72658071",0.1182,0.0107,2.57988e-28,-0.03445,0.0231,0.1359,0.000707718,0.000836292,0.397409,0.000382502,0.000499833,0.444117,NA,NA,NA,0.000507871,0.047194,0.991802,NA,NA,NA,7.74276e-06,0.000286354,0.978429,NA,NA,NA
"rs72725173",0.0559,0.0085,3.87525e-11,-0.02102,0.01786,0.2392,0.000903604,0.000672738,0.179217,3.62459e-05,0.000402082,0.928172,-0.000175685,0.000250257,0.48,0.0634376,0.039016,0.0950233,NA,NA,NA,5.37403e-05,0.000230352,0.815531,NA,NA,NA
"rs72755295",0.1376,0.0179,1.64589e-14,-0.02797,0.03897,0.473,0.00504548,0.00136592,0.000220933,0.00105214,0.000816394,0.19748,NA,NA,NA,NA,NA,NA,NA,NA,NA,4.61242e-05,0.000467712,0.921443,NA,NA,NA
"rs72847652",0.0073,0.0102,0.4761,-0.03092,0.02126,0.146,0.00616289,0.000772213,1.45781e-15,-0.000696585,0.000461574,0.131261,0.000579584,0.000275036,0.0350002,NA,NA,NA,NA,NA,NA,-0.00012061,0.000264436,0.648316,NA,NA,NA
"rs72928038",-0.0164,0.0094,0.0805898,-0.02631,0.01942,0.1755,-0.00462671,0.000635116,3.22701e-13,2.8497e-05,0.000379623,0.940162,-0.000641986,0.000238419,0.00710003,-0.0307964,0.037929,0.449202,NA,NA,NA,-1.05882e-05,0.000217485,0.961171,NA,NA,NA
"rs73183643",-0.0143,0.0075,0.0560402,0.01387,0.01559,0.3736,-0.00413562,0.000564895,2.46547e-13,0.000500983,0.00033765,0.13788,-0.000128967,0.000211617,0.54,0.0208668,0.032654,0.527519,NA,NA,NA,-0.000158523,0.000193439,0.412503,NA,NA,NA
"rs73375000",0.0033,0.0092,0.7175,-0.1638,0.02023,4.5772e-16,-0.000479425,0.0007253,0.508612,0.000345344,0.000433496,0.425655,-0.000450565,0.000271108,0.0969996,-0.0902409,0.036344,0.0293467,NA,NA,NA,0.00063047,0.000248347,0.0111281,NA,NA,NA
"rs73949122",-0.0593,0.0084,1.84587e-12,-0.01807,0.01783,0.3107,1.33773e-05,0.000666829,0.983995,-0.00038579,0.000398549,0.333052,-0.000236916,0.00024853,0.34,-0.00426609,0.035293,0.907522,NA,NA,NA,3.87744e-05,0.000228328,0.865153,NA,NA,NA
"rs74415461",0.0213,0.0119,0.0728601,0.05038,0.02549,0.0481105,0.00854079,0.000869628,9.18544e-23,-0.00024141,0.000519827,0.642358,NA,NA,NA,0.0209951,0.052116,0.696208,NA,NA,NA,-1.47497e-05,0.000297808,0.960499,NA,NA,NA
"rs7500067",0.0785,0.0073,4.06443e-27,0.006285,0.01561,0.687299,-0.000251044,0.000589698,0.670317,5.76538e-05,0.00035245,0.870062,2.66093e-05,0.000219633,0.9,0.0301518,0.032582,0.355538,-0.0755712,0.0526511,0.15097,-9.03031e-05,0.000201918,0.654712,-0.133656,0.0505858,0.00806399
"rs7587476",0.007,0.0073,0.3403,0.006861,0.01542,0.656401,-0.000555546,0.000570324,0.330013,-0.000287069,0.00034087,0.399697,-0.000145788,0.000212898,0.49,0.0394729,0.03096,0.235399,0.0561913,0.0525779,0.285406,-0.000351707,0.000195283,0.0717018,-0.345715,0.0475985,3.05e-13
"rs7626742",0.1046,0.0062,1.61213e-63,0.008264,0.01326,0.5332,-0.000231874,0.000489766,0.6359,-0.000129054,0.000292722,0.659304,4.17047e-05,0.00018307,0.82,0.0719795,0.025581,0.01088,-0.0291199,0.0436239,0.503983,0.00019918,0.0001677,0.234946,-0.0306654,0.0433416,0.4776
"rs7650602",0.0489,0.0063,6.22444e-15,-0.008281,0.01339,0.5362,0.000225098,0.000494248,0.648797,0.000605733,0.0002954,0.0403116,2.27427e-05,0.000184729,0.9,-0.0107607,0.028465,0.716373,NA,NA,NA,0.000183079,0.000169235,0.279338,NA,NA,NA
"rs76798800",-0.0217,0.0071,0.002261,-0.007396,0.01516,0.6256,0.00308446,0.000552739,2.40254e-08,0.000425013,0.000330374,0.198283,0.000499507,0.000207041,0.016,0.0100305,0.032084,0.759721,NA,NA,NA,-0.000218587,0.00018927,0.248136,NA,NA,NA
"rs76956704",0.1352,0.0182,1.27087e-13,0.01588,0.0406,0.6957,-0.00323857,0.00148243,0.0289161,0.000286826,0.00088602,0.746146,NA,NA,NA,0.0811578,0.128287,0.546476,NA,NA,NA,0.000241421,0.000507599,0.634349,NA,NA,NA
"rs7697216",0.1039,0.0098,1.6099e-26,0.04304,0.02054,0.0361302,-0.000530793,0.000752895,0.480809,-9.12437e-05,0.000449989,0.839316,0.000294236,0.000282121,0.3,-0.0539824,0.044257,0.217281,0.0791808,0.0748443,0.289978,-0.00025287,0.000257798,0.32665,NA,NA,NA
"rs77476954",0.0161,0.0096,0.094241,0.004795,0.02063,0.8162,-0.00787965,0.000759023,3.04089e-25,-0.000276821,0.000453719,0.541785,-0.000422501,0.00028384,0.14,0.0338506,0.043203,0.437254,NA,NA,NA,2.35752e-05,0.000259935,0.927734,NA,NA,NA
"rs77528541",-0.0583,0.0096,1.414e-09,-0.03093,0.02014,0.1245,-0.00100769,0.000739095,0.172754,-3.22179e-05,0.000441742,0.941859,0.000524118,0.000277173,0.0589997,-0.0320987,0.045488,0.514804,NA,NA,NA,-5.55404e-05,0.000253073,0.826289,NA,NA,NA
"rs77554484",-0.0741,0.0093,1.2841e-15,-0.09871,0.01977,5.73205e-07,-0.00137683,0.000730985,0.0596307,-0.000477653,0.000436895,0.274268,-0.000344818,0.000273468,0.21,-0.0582744,0.038575,0.171523,-0.00269636,0.0647519,0.966274,-6.64605e-05,0.000250297,0.790604,-0.00060018,0.063487,0.9921
"rs78378222",0.0352,0.0289,0.2233,-0.1105,0.06444,0.0863993,0.0192692,0.00223761,7.23769e-18,0.000435429,0.00133751,0.744763,NA,NA,NA,0.149206,0.1431,0.290271,NA,NA,NA,0.00181226,0.000766249,0.0180256,NA,NA,NA
"rs78381082",-0.0611,0.0089,5.4275e-12,0.1302,0.01895,6.44169e-12,0.000985148,0.000696063,0.156977,0.00048503,0.000416022,0.243665,NA,NA,NA,NA,NA,NA,NA,NA,NA,0.000459738,0.000238338,0.0537403,NA,NA,NA
"rs78425380",0.0603,0.0099,1.034e-09,0.01137,0.02087,0.5857,0.0018139,0.000804696,0.024188,0.000720289,0.000480951,0.134229,NA,NA,NA,NA,NA,NA,NA,NA,NA,8.1166e-05,0.000275537,0.76832,NA,NA,NA
"rs78440108",-0.0595,0.0084,1.61808e-12,0.04513,0.01723,0.00882206,0.00153489,0.000642707,0.0169336,-0.00061315,0.000384134,0.110447,0.000786493,0.000240525,0.00109999,0.072502,0.039122,0.0547898,-0.0597772,0.057408,0.297878,-0.000315478,0.000220069,0.151705,-0.0981642,0.0560436,0.0795207
"rs78540526",0.2758,0.0113,1.81134e-131,-0.04764,0.0254,0.0607505,-0.000549686,0.000951518,0.563472,0.000426066,0.000568701,0.453743,NA,NA,NA,-0.0148365,0.052191,0.790797,NA,NA,NA,0.000547222,0.000325807,0.0930379,NA,NA,NA
"rs7904249",0.0764,0.0084,6.98072e-20,-0.00985,0.018,0.5841,-0.000946986,0.000672722,0.159223,-0.000448813,0.000402071,0.264315,0.000401342,0.000250889,0.11,-0.0492785,0.03586,0.207945,NA,NA,NA,-2.49017e-05,0.000230346,0.913912,-0.113393,0.0582979,0.0514695
"rs7971",-0.0365,0.0065,1.93099e-08,-0.004762,0.01389,0.731799,-0.000761056,0.000511275,0.136608,-0.000275251,0.000305578,0.36772,-7.02838e-06,0.000191106,0.97,0.00883585,0.028748,0.763155,0.0156214,0.0455172,0.732189,-0.000368726,0.000175064,0.0351852,0.00803217,0.0456562,0.86
"rs801108",0.0033,0.0073,0.649201,-0.003643,0.01519,0.8104,0.00772397,0.000574248,3.12464e-41,-0.000308565,0.000343301,0.36875,0.000399151,0.000211461,0.0589997,-0.0229575,0.030073,0.469476,NA,NA,NA,0.000262332,0.000196676,0.182261,-0.00904074,0.0484653,0.8524
"rs8082452",-0.0418,0.0065,1.13899e-10,-0.0144,0.01364,0.291,-0.00083205,0.000502061,0.0974653,2.97299e-05,0.000300072,0.921078,NA,NA,NA,0.0214591,0.038461,0.583211,NA,NA,NA,7.98257e-05,0.000171911,0.642401,NA,NA,NA
"rs8178977",0.0047,0.0074,0.5215,-0.01419,0.01578,0.3685,0.00334348,0.000580631,8.50041e-09,-5.41486e-05,0.000347047,0.876012,0.00015183,0.000216797,0.48,-0.00603115,0.03178,0.855054,NA,NA,NA,-0.000319351,0.000198822,0.108226,NA,NA,NA
"rs9284657",0.0366,0.0062,3.35598e-09,-0.002396,0.01322,0.8562,0.000414662,0.000488976,0.396427,0.000260963,0.00029225,0.371888,-0.000123213,0.00018282,0.5,0.0328673,0.027069,0.253262,-0.00826574,0.0485522,0.86461,3.90095e-05,0.00016743,0.815769,0,0.0430083,0.9999
"rs9350325",0.0074,0.0069,0.2843,0.01557,0.01446,0.2815,0.00139723,0.00052392,0.00765632,0.000350967,0.000313138,0.262371,0.00110974,0.000195779,1.40001e-08,0.038174,0.030457,0.206077,-0.0671913,0.0475645,0.157771,6.75964e-05,0.000179396,0.706322,0.0411419,0.0461442,0.3697
"rs9361840",0.0541,0.0072,7.13839e-14,0.01174,0.01562,0.452101,-0.000648708,0.000592833,0.273846,-0.000163768,0.000354324,0.643939,0.000125089,0.000220719,0.57,-0.000931434,0.031888,0.97745,NA,NA,NA,0.000204901,0.000202991,0.312779,0.0934903,0.0515186,0.0710608
"rs9392026",-0.0032,0.007,0.646001,-0.0193,0.01506,0.2002,-0.0051865,0.00049898,2.65644e-25,-0.000782539,0.000298271,0.00870142,-0.000147345,0.000185437,0.43,-0.0513564,0.034365,0.127918,NA,NA,NA,7.01463e-05,0.00017088,0.681441,NA,NA,NA
"rs941764",0.0463,0.0065,8.20729e-13,0.00345,0.01382,0.8028,-0.000332228,0.000514787,0.518689,-1.10069e-05,0.000307677,0.971463,0.000201617,0.000192227,0.29,0.00275919,0.029466,0.927345,NA,NA,NA,0.000143969,0.000176267,0.414063,NA,NA,NA
"rs950039",8e-04,0.0069,0.9046,-0.005665,0.01455,0.6971,0.00333185,0.000549932,1.37407e-09,0.000395009,0.000328699,0.229467,-0.000128534,0.000203968,0.53,-0.0616744,0.031471,0.0430497,0.0443039,0.0477626,0.353621,1.7859e-05,0.000188311,0.924444,0.125751,0.0467159,0.00708696
"rs9693444",-0.0626,0.0066,1.59993e-21,-0.009857,0.01406,0.4832,0.000918632,0.000522632,0.0787989,-0.000308741,0.000312367,0.322961,0.000167834,0.000195152,0.39,0.0105969,0.028889,0.724496,NA,NA,NA,0.000154481,0.000178954,0.388004,-0.00498754,0.0455468,0.9114
"rs9833888",0.0457,0.0074,5.15098e-10,0.02662,0.01578,0.091601,-0.00202552,0.000582646,0.00050823,0.000235603,0.000348241,0.498692,-0.000246663,0.000217899,0.26,-0.0223652,0.032231,0.511597,NA,NA,NA,0.000234093,0.000199506,0.240652,NA,NA,NA
"rs9952980",-0.0478,0.0065,1.6531e-13,-0.00454,0.01375,0.7413,0.000960039,0.00051394,0.0617632,4.91957e-05,0.000307172,0.872758,-0.000197593,0.000192246,0.3,-0.016477,0.027887,0.572165,NA,NA,NA,-6.01516e-05,0.000175978,0.732492,-0.00995033,0.0450071,0.8254
"rs9954058",-0.0891,0.0122,2.79319e-13,0.03441,0.02541,0.1757,8.2047e-05,0.000906216,0.92786,0.000534885,0.000541625,0.32337,NA,NA,NA,0.0597753,0.055124,0.275009,NA,NA,NA,0.000778284,0.000310293,0.0121344,NA,NA,NA
