,Unnamed: 0,PC1,PC2,PC3,PC4,PC5,PC6,PC7,PC8,PC9,PC10,PC11,PC12,PC13,PC14,PC15,SNP,beta.Breast cancer (Combined Oncoarray; iCOGS; GWAS meta analysis),beta.Ovarian cancer,beta.Cancer of skin,beta.Cancer of digestive organs,"beta.Cancer code, self-reported: malignant melanoma",cluster_label
0,0,-1.0046516007577566,-1.3810688857476767,-0.2790125478983181,-1.6789803011292033,1.1782477332048034,-0.6632801756952893,0.11906071933065195,0.10731533355058367,-0.8969093211449207,-0.2690107005753928,0.8010140193491252,-0.7634180954784101,-0.016511824639534278,0.0031001577931048176,-0.0349147099047523,rs10022462,0.0375,0.02324,-0.000223982,0.000481763,-0.00032745,1
1,1,-1.1914498875483148,-1.7050634834394824,-1.5904422875405255,0.10363196908441873,2.3653053603717415,-0.6559225660201841,-0.17680098796738364,1.4864707334739988,-0.13374058278428164,1.1237953875243092,-0.4211366093170782,0.377439543013577,-0.08080449437104502,-0.03163127121477725,0.007277367313447405,rs10054203,0.0383,0.07755,8.81757e-05,-0.00056533,1.108e-05,6
2,2,-1.1266360147621874,-0.6927274374158557,-0.5965970783984682,1.8973219487934856,-0.23194066165510965,-0.356856282794736,-0.8329607279399035,-0.8117913065986817,-0.6235576859098806,-0.9229663053454702,-0.1911611162626365,-0.07482103486705903,-0.07534093457333564,0.006573256391742826,-0.0005620802232220528,rs10096351,0.1055,-0.0007661,-0.000661495,-0.00014180399999999999,-8.15039e-05,1
3,3,-0.19918850768200816,-0.5155680237500062,0.2429897651763272,-1.2910871684063898,-0.5386281173287476,1.4923695556032504,-1.37287776694029,-1.0090449068832277,0.1328062170797879,-0.15428471771820426,-0.08971403085815853,-0.1713235045171956,0.039631114477320366,0.019508124605291336,0.05730973274773029,rs10102591,0.0249,0.02613,-0.00359653,5.603060000000001e-05,-0.00039622800000000004,0
4,4,-0.9683564136762198,-0.4975652882500544,-1.1658695620336634,-0.7004374284246027,0.04950510883252066,0.8664756335670041,-0.35094742318669264,-0.37424040774254586,-0.4717300128978457,0.5004855711913264,-0.13467173972391894,-0.072622783504767,0.04666384051982093,0.016199090807216442,0.010363974263654388,rs10623258,0.0354,0.02171,-0.000375932,8.90259e-05,8.069451698924732e-05,1
5,5,-1.2545287524445516,-0.9180632425250844,0.11700690540735345,-0.7482416250034661,1.2972543605045057,-0.2021817172601092,0.7978086607939158,-0.1048273041627118,0.17418292399013055,-0.3204696286993323,-0.10054995789888606,-0.17659375981704944,0.006909809549638385,-0.002203847546621284,-0.04692750486912372,rs10760444,-0.0358,0.01816,0.000505694,0.00042125,-0.000143209,2
6,6,-1.2894627494774038,-0.7064284493506072,0.014049310530494756,-1.5717704621671889,0.4067031544222097,-1.1616386878991352,-0.5782092466159571,-0.9513575082175952,-0.12078520359944475,0.03917268025492423,0.4809633845248982,-0.3864323928633796,-0.10373349300191034,0.0016239442740858324,0.0332660280852287,rs10885405,0.0465,-0.025830000000000002,0.0005024609999999999,-0.00032139,-0.00036303400000000003,1
7,7,-0.3409167976768452,-0.7393356346375461,-0.1451051547809287,0.1273055693591159,-0.1077299563066964,-0.23223033032260185,-0.8250822596700865,-1.3124990993849734,-0.9595676104316714,0.0025410136286523827,-0.9601510143392232,-0.09506210030736456,0.02952603293126365,0.00758111374993322,0.004826291479757889,rs10941679,0.1278,-0.01525,-0.00112062,0.00020533900000000002,-0.00014181100000000001,1
8,8,2.314444326826436,-0.0010943012760483034,2.131926740295376,1.5738012078285473,-1.0278635696728855,0.9460031912670094,-0.916903787698178,0.3099416363414849,0.4263108068103659,0.26710457196500403,1.3685207661843084,1.3662663893012803,0.2362899371651936,-0.03673477487063749,-0.08704199155651395,rs10962474,-0.0069,0.004907,-0.00779601,-0.000269967,8.069451698924732e-05,0
9,9,-0.6164363679254277,-0.6377818817891371,1.5066407949942384,-1.7863508658030158,-2.5768183758789154,-1.9779786737942635,1.3355626925407795,-2.1350405867170332,-0.23362170182184966,0.9167917895996424,-0.7344422213408552,0.4441467704116034,0.06841270833597816,-3.0361895893546143e-05,0.035329187321748605,rs10962691,0.015,-0.2133,-0.00169812,0.00037161400000000004,-0.00029832599999999996,3
10,10,-1.4619912521889655,-0.060268407980094064,0.5667812083463365,-0.1939994843039957,-0.06728301103234856,0.3874853849167562,-0.4745328197887,-0.5654322557513194,0.17127535124689128,-1.4668349955834532,0.5944464343213373,0.9400941702347388,0.16873938823072354,-0.018663932198380487,-0.0017957141538977425,rs10965219,-0.0311,0.006236,-0.00426228,-0.000190547,0.000254114,2
11,11,0.9757144928600384,-0.020994908296876138,-0.8134004242491805,-0.1671680001923683,-0.8134770405747467,-0.4094310581314275,0.12508939361336074,1.4351931704279342,-1.52797164418832,-0.37276701214075625,-0.4808098244072794,-0.5796016849853695,0.09399742089931597,-0.001566536730603343,-0.01501381433018756,rs10978911,0.0839,0.007644,0.000331248,0.00047539,0.000259018,1
12,12,0.016248207561932095,-0.25378323009141,0.9273239490981195,-1.5388459251770674,-0.6989668185696677,-0.008253016107176542,1.6198179463964868,1.6009897267665951,0.6403394930785665,-0.8649513062066453,0.033465633160082,-1.0328242126240432,0.017791143061802385,0.005233397420089523,-0.045352601216319816,rs10995201,-0.1317,-0.011590000000000001,0.000525616,0.000754586,-0.00041583099999999997,2
13,13,-1.4759640520180233,-0.3613555689293149,0.040280050099022725,3.141478746677435,0.04274134785198795,0.9917735481970013,0.7280819825935676,0.2276986908789901,-0.7158712973712736,2.5637504320487143,2.0332353174430886,-0.18295100613970194,-0.1117971697647196,0.03100031467795778,0.036564808673460486,rs110419,0.0002,-0.004609,-0.00013798600000000002,2.98691e-05,-2.49242e-06,0
14,14,-0.5622969792805725,-0.9569265264202701,-0.6095515591919441,0.3319609283724292,0.25973619848818463,0.2325775409404789,1.139741548361081,1.0617196909409343,0.16723529287643474,0.19513486643442898,-0.5841746675765181,0.16963737225825198,0.055363986790878464,-0.007534263606631166,-0.038460290722487,rs11117758,-0.0449,0.012980000000000002,-0.00034631800000000003,0.000348974,5.51541e-05,2
15,15,-1.4445188107750135,-1.021445397448845,0.4125991502572608,-0.552356409028558,0.6881675247565042,-0.485408957446311,1.3428740370949162,0.22047096835576674,0.2653847681966574,-0.6578112375521126,0.22251249562102127,-0.036186697125541234,0.021699042351225915,-0.00711558007975084,-0.041700109907010036,rs11135046,-0.0717,-0.01149,-0.000427058,0.0005014290000000001,-0.000148463,2
16,16,-1.220029415511196,-0.6805384069831021,-0.9900915343405728,1.3881772994803203,-0.024621226444698382,-0.20856385548788808,-0.08430994110485446,-0.5049135561202058,-0.16005728110191844,-0.2521379821603744,-0.13930566711021802,0.14500433887410638,-0.06763910882770366,0.006772273056027975,0.015439229633125703,rs11205303,0.0497,-0.0053289999999999995,0.000467915,-0.000144847,6.260409999999999e-05,1
17,17,-0.2222480751617234,-1.142189280993322,-1.97708295196882,0.06503843274163187,0.14400147556346102,0.7975715286866027,-0.06593054605844707,0.2491996195496335,-0.4635831768418196,1.3348502689795827,-0.4727798753347005,-0.015614127941874391,0.08004639499737377,0.014498610881683563,0.01964975679562074,rs1121948,0.0575,0.02938,0.000211162,9.916709999999999e-05,6.10235e-05,1
18,18,-0.9786860361098548,-0.5445432212104775,-1.076699771145371,1.3497901703722688,-0.3498370593600909,0.26982985551404515,-0.7076069573138536,-1.076629128381152,-0.7919836209288786,-0.6676508005413243,0.1820158524242368,0.0014381666261025518,-0.023136267518295613,0.019892095784295547,0.03697377122780104,rs11249433,0.0988,0.003782,-0.00054477,6.0179499999999995e-05,0.00011393,1
19,19,-0.5156159775737073,3.268956959997899,-1.0117661387794268,-0.7520346021057848,1.090107792311081,1.3023529862850385,0.3232895245333049,-1.8051498201597804,-0.564701574486329,0.6089372363754656,1.2016931700567026,0.7863447449608074,0.09355301446760872,0.026854506716667427,0.004784714657699438,rs1126809,-0.0054,0.02913,0.00624,-1.8938199999999998e-05,0.00172169,0
20,20,-0.5690225040721318,-0.6825084218624051,-0.7643484649591553,-0.5485256679705546,0.3974132626826677,-1.838791178899301,-1.4894844721725902,-0.5977926012491183,-2.0897146084061204,0.6258237570606587,-0.9686199513501368,0.005725622727244802,-0.10012419800503053,-0.01672552701788307,0.05394375243812603,rs11379664,0.2211,-0.0206,-0.000432066,-0.000410985,8.069451698924732e-05,5
21,21,-1.1651985297917906,-0.08483167798751727,-0.01696174651531616,-0.3693425735446024,0.1952675963147021,-0.39247631610289946,0.16380785952181126,0.9122776773606108,0.4216994120593007,-0.4476414030685827,-0.12115632287375208,0.2476708998293801,-0.027100762327347164,-0.021079953369495242,-0.003380392760101061,rs11462858,-0.0471,0.009706999999999999,-0.00048878,-0.000395283,8.069451698924732e-05,2
22,22,0.01992604526673372,-0.8213267944033492,-1.1918915935222258,-0.1544997040379694,1.4561911178110616,1.4873071044603985,-0.6265238718757062,0.27453587840069665,-0.15652271236859794,0.6155315384376217,-0.9209568152987421,0.04790263580265541,0.14591769264043533,0.0016716101578859366,-0.05721981516025144,rs115478735,0.0412,0.09941,-0.0005848180000000001,0.000179551,7.64814e-05,6
23,23,13.214665025742574,-1.0472254813014992,-0.8235041718172628,0.22347651865084867,3.1504464439617155,-0.02867879831297665,-1.2210515497493601,-0.8230507865350597,0.7454646528716646,-0.21420650434893201,-0.02233725862224596,-0.7376661078652783,0.09004775993609204,0.03421908271491877,0.3619724948752624,rs11571833,0.2727,0.1841,0.00686939,0.00167849,8.069451698924732e-05,5
24,24,-0.8495554390128619,-0.15345060055948773,-1.3210508577094733,-0.5713992893740324,-0.4681774624463261,0.3983610081470954,0.2825367487083643,0.689281457305058,0.07647734088917864,-0.15980600044629428,1.124924623631098,0.03361108245100298,0.05619025417274783,0.006121517075332711,0.0062343410637446545,rs11583393,-0.0396,0.010920000000000001,0.000187874,-0.000147344,0.000257217,2
25,25,0.5212347997326947,1.4165731753236008,-0.006963862298544622,0.1105294144712916,0.8945783215268317,-1.663746301097207,-0.15473161833193516,-0.07112912146324138,1.2336112808658155,0.08307826019159127,-0.5441042925584906,-0.7359817078766469,0.253468312925524,-0.00023686530690852914,0.10273761554310526,rs11611584,0.010869603524229074,0.0040111484581497785,0.00798646,-0.00083321,8.069451698924732e-05,0
26,26,-1.2334329223841665,-0.7069161029512463,-1.1279957626659234,-0.19919136396841067,0.0691319831341419,0.8606923280693314,0.8173658845354617,0.6194297061491824,0.9618660453273856,0.4314641384729699,0.4425127233329392,0.4234958491265424,0.03265247874315483,0.0020362967889262077,-0.0012400421736190328,rs11624333,-0.0968,0.01648,-0.000259333,-0.000136945,0.00010509899999999999,2
27,27,-0.23503146255763774,-0.2550224899677235,-1.3357886130300722,-0.578896579067419,-0.8011518653017649,0.22242213041795295,-0.16554239934084392,-0.4113376039405384,-0.3742660969702081,0.7376985125514727,0.012073629485577034,0.12137296376411692,0.01334862914178522,0.013906721198051327,0.0417872469673972,rs11672660,0.0472,-0.0221,0.000399183,-9.829649999999999e-05,0.000199802,1
28,28,-1.4007538640318042,-0.41975043635961895,0.2721190054611838,1.6605553121532894,0.5154777249868718,-0.2725762161284689,1.0766608310001011,-0.02290926780575581,0.4675412770814198,-1.3171405854253493,-0.5745053443739109,0.09114165431252427,-0.04595961059071138,-0.004032096144212471,-0.05489990720737937,rs11684853,-0.0442,0.001036,0.000879969,0.000335499,4.36261e-05,2
29,29,2.90704102915603,-0.40836096539288186,0.9242241548464736,0.5317642742316059,-0.6348267255147635,0.3017986726484515,1.3257643329647382,0.7852906935638501,1.5656101812631258,-1.5542205453423985,0.548890972818987,0.5641036537981609,0.20649624768474653,-0.010051506841218343,0.06664818250923588,rs117618124,-0.1074,0.003054,-0.00169082,0.0006888069999999999,8.069451698924732e-05,2
30,30,1.7025181707089452,-0.15598495111827598,0.03555380456438036,0.9535117538131376,-0.4681361767868994,-1.3444185589092994,-0.9894817095597102,0.6522928540353801,0.2304786358264528,-0.983445495366502,0.1387359122412522,0.4788919398225246,-0.2115423284560148,-0.033198958156241444,0.003724635132271508,rs117737783,0.0747,0.001853,-0.00107383,-0.000666965,8.069451698924732e-05,1
31,31,4.7435461732476645,-0.8484680713343842,1.676685590514163,0.36839191949217853,-0.4669977370238316,1.0012078538898268,-1.1576387779151935,0.4385812499268283,1.6256802336779834,0.2820468234064746,1.0604115538982537,2.29378644444805,-0.3533955380846641,-0.04641588749712409,0.12526093673742408,rs117744081,-0.0216,0.03415,-0.00899444,-0.000432321,8.069451698924732e-05,0
32,32,1.983116855367016,0.34698113705964656,-0.4874848430725796,-0.5662391291903726,2.4058517779947644,1.2176547565739957,-1.5241862007001576,0.3218367996667596,1.1551586039173625,0.10998160291278387,-0.3995809258603184,-0.14046410117181324,0.06207223717235313,-0.005092116662925575,0.004664554050362208,rs11782652,0.0217,0.1524,0.00229327,-0.000412074,8.069451698924732e-05,6
33,33,-1.2244204169333903,-1.0780301365008191,-0.8390478876969072,1.713576442659027,0.04440905793752176,0.4008791179875795,0.06362669298993105,-1.056850439504105,-0.0004519629858044048,0.18702139493114148,-0.8708606133891515,0.4543252234154,0.02515773462753145,0.00955565840928534,0.0002059665247586357,rs11822830,0.0483,-0.008437,-0.000678934,8.91442e-05,1.15908e-06,1
34,34,-0.7907660550694251,-0.6246057019091532,-1.190482780962326,0.0450867673127553,-0.14653717087955614,1.032008724207549,0.3377504180552384,0.2281364622227893,0.621578883642129,0.5639592794844224,-0.0357173373806165,0.3480824281038094,0.04180951749420727,0.00880878846756077,0.02631055574898407,rs11903787,-0.0451,0.017509999999999998,-0.000383361,-9.24075e-05,9.53023e-05,2
35,35,-1.291074810587295,-1.3517163866097364,-1.6350191044859672,1.0341844302485326,-0.1257455395744485,0.6519325139126247,0.04730016849977002,-1.2479695021806776,-0.02894510892382602,1.1032818015855177,-0.4386602342299332,0.4879994030356761,0.054591289820930214,0.020537601863248302,0.04683216198202618,rs11977670,0.0522,-0.016819999999999998,-0.000391309,-9.32862e-06,1.2013199999999999e-05,1
36,36,-1.2367875327385514,-0.2506696748666412,-0.3284347104137889,-0.8234865256761271,0.2763213919150788,-0.3080067636645615,-0.36398114818076094,-1.2475865189207065,-0.2425102871906347,-0.09088162357384616,0.21529919931174032,0.5169038066036648,0.07282337535308903,-0.002308652317568953,0.033200496780831285,rs12207986,0.0375,-0.018930000000000002,-0.0006688919999999999,-0.00018947900000000002,0.00021350700000000001,1
37,37,-0.583429815730047,-0.8186173425938554,0.6511829457523343,-0.6286652587469566,0.33381078105963163,-0.18161133940471302,1.3162491835388679,0.21707724423886365,0.33764516446220283,0.04776069117291813,-1.0875942685839908,0.20162795859785987,0.10987461069042577,-0.01249487891573109,-0.0518272478730402,rs12250948,-0.0576,-0.02121,-0.000795928,0.000557568,-0.00010701299999999999,2
38,38,0.27983977135782057,0.9866609463206368,-0.3341001105039576,-0.8130550075405052,-1.0774869416847517,1.005921682837593,0.5343535633822819,-0.6655527859846863,0.995711402301254,0.2934279167242086,-0.8152579041162715,0.006818479351257074,-0.13787545545841978,0.0228177538211134,-0.0183178963784141,rs1230666,-0.0592,-0.02475,0.00271862,8.525469999999999e-05,0.00023852299999999998,2
39,39,-0.6745066598575569,-0.16395806812628594,-0.5038032812201487,0.4505644640949338,-1.4374492320377907,0.9358016903552452,-0.0875681819510044,0.09288978872716254,0.6321815466171236,-0.6813927899552028,0.4926638021399499,-0.3966162506293396,0.0015062417069852136,0.02129329756059289,-0.01960409867930044,rs12479355,-0.0426,-0.003803,-0.000570119,-4.8686e-05,-0.000216135,2
40,40,-0.7826324833478149,-0.7326780553868836,0.2841387220753449,-0.07978957080180943,0.560056997762063,-0.33753320691387506,-0.10651737280034124,-0.4112663911521878,-0.516482548182677,-0.7923062333690897,-0.3467222665820802,-0.2761858885776501,0.0022925346018924037,-0.0019343199365201265,-0.0510065033605382,rs12487185,0.045,0.01025,-0.000759404,0.00035916400000000003,-0.000169865,1
41,41,0.05546518010795254,0.6395345179766784,0.4630753524147151,0.8707928738812426,1.0467437113735745,-0.6598253162207892,-0.022862273045968468,0.7855108901798438,0.7580535103067488,1.4001865910800226,-2.016498210286416,-0.0567344335859651,-0.20116658833362652,-0.020257744135689086,-0.01613692079078971,rs12509782,0.0091,0.020919999999999998,0.00373428,-0.000685866,-1.27491e-06,0
42,42,-0.7340183573216609,-0.4354465476671085,-0.2049990076375742,1.880120005814876,-0.4188292207023899,-0.19983661286907012,-0.3408719669802834,0.08710200151358365,0.04700057437847265,-0.7625915415463659,-0.8165937645853512,0.1577122016111775,-0.06530542430074916,-0.005947199218915635,0.008707982011110992,rs12513872,0.0413,0.0006807,-0.000857931,-0.000228977,-5.10488e-05,1
43,43,-1.1410633902477874,-1.1723565790990451,-0.11472325279897297,0.7341884973787306,1.2997840292418583,-0.07759791473778868,0.3340901469515949,-0.6748446796376958,-0.17239975723969714,0.048376063882507765,-1.2132542825826924,0.4891238525548624,0.03503983898747789,-0.008393948522629124,-0.007815526693781624,rs12519859,0.0365,0.01491,-0.0008131039999999999,0.00030375599999999997,1.9645999999999998e-05,1
44,44,0.9992401286013368,0.07966558926333997,-1.4915671882830184,0.5819967863245179,-2.5564156152918263,1.3356292785421688,0.738526156901364,2.2495694775773227,0.6091811846837737,0.591224783660677,-0.4169420236005938,-0.13799505262401995,-0.03841368466245329,0.013093457407134123,0.02549862438364916,rs12546444,-0.0717,-0.005934,-0.00019365,-4.236850000000001e-05,0.00011991200000000001,2
45,45,-1.6870780822482423,-1.1707251855530283,-1.4166548292358545,0.4129816820613087,-0.4604912181530314,0.4026587162397336,0.9343592464575186,0.5799876613856556,0.7069021358101677,0.18732390155780074,1.1177841738154828,0.052147071613496916,0.0028132165830296514,0.012031322018774795,0.007506023036619187,rs1268974,-0.0793,-0.008091,-9.682270000000001e-05,-0.00010293,-9.73214e-05,2
46,46,-0.4651352098439878,0.019419303308250903,0.10550937162981007,0.4026189759619492,1.85922544982854,1.6951572658431844,-0.6161777955009798,0.598815249232453,0.029016619689769325,1.7313958249207322,-0.10754797205635,0.06932026003028585,0.06293022856100887,-0.0021191429481887893,-0.04683927444372446,rs12952824,-0.0049,0.1033,-0.000637516,-0.000193103,7.29699e-05,6
47,47,-1.20200401318854,0.4411234473359416,0.5912600626547541,-0.8062351810438871,0.6536671400412667,-1.097634066584311,0.34081078865698394,0.20323776369818025,1.1910561568166174,-0.2939844503699794,-0.5139547013795635,0.6551286792446597,-0.06634206143914152,-0.033087363856852965,0.001755972916135706,rs12990503,-0.073,-0.01644,0.00115761,-0.000727752,0.000179602,2
48,48,1.5864630360817549,0.7369702629150121,2.465657581673217,1.433692228764663,-1.066652331607642,1.3240023299117516,0.024516788423306374,1.5791804883610059,-0.8976393176925934,1.2853641960329043,-0.942676567301046,0.3598909295865742,-0.1289250591928842,-0.017279085129771294,-0.02497221584319493,rs13043023,0.0037,0.008498,-0.00533834,0.000410118,0.00010036,0
49,49,0.9565501198266632,-0.6523416140368028,-0.6123293962349127,-6.420191521836353e-05,-0.4937243784301073,0.3583546378873713,0.9801557503029488,1.06979615802546,0.6649614578861129,-0.4771031010473433,0.8720715146097666,0.09891154124972207,0.032824238504450334,-0.0010489055006146814,-0.036978328970873164,rs13066793,-0.0685,0.011090000000000001,-0.00038177800000000004,0.00034107800000000003,8.069451698924732e-05,2
50,50,-1.2836293712273594,-0.3685486095003809,-0.02742615598060641,2.0529915273584547,0.09096936877632393,0.21367782100502647,0.8677632638464441,-0.19397952256939155,0.7626793777558658,-0.9936970856951672,-0.8015220641119954,0.06889756237522596,-0.04387141016161759,0.0057394915901836955,-0.03426935209476944,rs13267382,-0.0437,0.0008187000000000001,0.00107286,0.00021134099999999998,-1.72962e-05,2
51,51,13.450845035806417,-4.623792509670197,2.7277928490652443,-0.9235525809483596,2.1628268941312028,3.6066618504061743,5.0720130170490965,-1.3324670462451649,-2.8071581356979816,-2.740158524296128,-0.2236477872112869,-0.2899722397934486,-0.4553832065652205,0.08217960378752992,0.16950808660093014,rs139372065,0.1,0.1103,-0.00724657,0.00781074,8.069451698924732e-05,6
52,52,1.9764637912489105,4.180162011881578,-1.633652015970203,-1.6944032028303018,0.12928917691610928,1.6685497897398234,-0.08415686822045981,-0.0657426106581519,-0.6046177306884601,0.4903585172277698,-0.7016975159722312,0.7605671885174714,0.06724611286676117,0.007590250104007335,-0.06589982107139894,rs145053134,0.015,0.061279999999999994,0.00679597,-7.83343e-05,0.00203043,6
53,53,1.2597697329157154,-0.19736027753825236,1.0145035205355095,-2.292732252774186,-0.4947122831590937,0.7339482290369811,0.4061343259309775,1.6412860730211796,0.3185315900803393,-0.2094116399105091,-0.9437215438035704,-1.0970543891268751,-0.06821429834813564,0.002487271121189884,-0.055949071907132435,rs1498608,-0.0671,0.03146,-0.0008666889999999999,0.000683188,-0.000527054,2
54,54,-1.063326227800522,0.014236957139023438,0.8716025675190254,-0.6953275528926961,-1.0989245068076874,-0.4361727512275895,1.036710611260231,-1.2719221107957297,-0.4270171376576824,1.807386566141848,0.08462246408370701,0.4167685017153906,0.0811567682198769,0.009471056784899512,0.04886075125654366,rs1562314,-0.0055,-0.1137,-0.000654172,0.000193223,8.069451698924732e-05,3
55,55,-0.6811118102129877,0.3480306892730279,2.8623714861115555,0.5613893234887688,0.7219273387224983,-0.007855605433019313,0.4884902012289106,0.000709773506802928,-1.4240770793206834,0.2382060186529792,0.9050477239926084,0.40336163676068976,0.04159677332964778,-0.023562492760591174,-0.12404022081697852,rs157935,0.0021,-0.008672,-0.00441913,0.000627397,0.000209375,0
56,56,-1.5186356744972194,-1.1828579068470368,-0.7755463638587435,0.4045492733367897,-0.07938885915374724,-0.20141500446034236,1.116966668483527,0.7821369660903035,0.1569778739486464,-0.5759417457821522,1.036192429091359,-0.2146060903073672,-0.05740962702230301,0.00575217098947678,-0.007386207146042821,rs1685191,-0.0586,-0.004908,-0.000141325,0.000244299,-0.000122531,2
57,57,4.2108018084113015,2.2318513825512776,-1.2666389560899498,0.8497845129365895,0.0465717007315704,-1.7169690951416556,0.8013225807296919,-0.8963485734602636,3.384261815922933,0.07667692295579218,0.15824645913122,-1.7237880167589594,1.273218867154044,0.030793082417075207,-0.07901049237953618,rs16891982,-0.0289,-0.01488,0.0166405,-0.0005789969999999999,8.069451698924732e-05,2
58,58,2.6982647045148647,-1.626067454585833,-0.437247988630134,-1.0665685745881073,1.4461644693255349,-0.21072933381905165,1.2558367910367236,0.6081130403756552,-1.3719417782442465,-0.1065899497679168,-0.07141947869574526,-0.5334239226179369,0.2092717162999178,0.0018551440779920828,-0.08643617684916349,rs16991615,0.0758,0.04715,0.000407794,0.00171305,8.069451698924732e-05,1
59,59,-1.1925716469203969,0.11005017147173198,0.18822820371558166,-0.0148237581815795,0.7882720355010634,-1.7270963492138598,-0.5301076102045602,-0.025565772580047733,0.194370728581996,-0.470703865750621,-0.4762812966440017,0.4850102587597392,-0.13318256047940888,-0.03348129272410641,0.030287803064696125,rs1707302,0.0364,-0.01015,0.00083546,-0.000861368,0.000149122,1
60,60,-1.0878116443747723,-0.9967068990634192,-0.4776388050138626,-0.6401102692721266,-0.5497734318919382,-0.38698831196421457,0.8577127899189939,1.2234665887042657,-0.07241051481732698,-0.9295298335297392,1.637408824602011,-0.908638951372984,-0.08850661767918137,0.011708426329090428,-0.0103035009969552,rs170801,-0.0591,-0.004913,-7.53422e-05,0.00032203,-0.00034962400000000004,2
61,61,0.8940441487794074,0.647951950119731,-1.1754388809979135,-1.7404277997921864,-0.4781362894612386,-1.3848281813715893,-0.8652275857198396,2.7048734314966225,-0.8949820466734516,0.4233764944880361,0.1345730671033491,0.2308294899879688,-0.011035684253535254,-0.04442320220906309,0.04724573168670694,rs17156577,0.0578,0.02015,-7.24913e-05,-0.000994165,0.0005412430000000001,1
62,62,-0.8882972057074033,0.2019974179188649,-0.4598333762062637,1.5791391788443203,-0.4646647291020816,0.08764083076454933,-0.3650020089473221,-0.7343299080606779,0.05449688339409845,-1.0954744019655434,-0.2640391252367166,-0.08462893007799975,-0.08186720781691892,0.01381772614377437,0.013685827657022587,rs17185310,0.0395,-0.0006819,0.0011054,-0.00012349,0.000113558,1
63,63,-1.0372862457139187,-1.275618504628489,-1.7544423466184196,1.7947950531878196,-0.4130284653997947,-0.5682568997042723,0.2621864260580583,1.009017829771923,-0.5406350365441907,0.004272174723805725,0.3684435018145808,-0.0007580011948614807,-0.0966722195252106,-0.0024572415419023565,-0.013843276253549423,rs17268829,0.0495,-0.001846,-6.80076e-05,-0.000197835,3.5472199999999996e-05,1
64,64,0.4149053003423437,-0.22460984285533275,0.5846232709318702,0.188000148316314,-0.5443279480002153,0.054722877827454296,-0.29869899425363977,0.3029898023243849,-0.4980480830835871,-0.8366758116803941,-1.1655712592205787,-0.4349732800740725,0.0010677273207206287,-0.0034165784490756365,-0.06565789498892041,rs17426269,0.0487,0.007589,-0.00136409,0.000400154,-0.000194973,1
65,65,-1.3013056788575603,-0.9311418062456248,-1.0904281654257193,-0.3282273015101047,-0.3364010995617549,0.6296376501951351,0.2546563278225539,0.08746595936612424,0.25496574798295146,-0.20584892627612925,1.2547748826968543,-0.414894330796353,-0.016786223742473745,0.022946264724551232,0.012701660767679354,rs1778523,-0.0384,0.01014,-0.000202883,9.53101e-05,-0.000208285,2
66,66,-0.35863779247481675,-0.00031657526571876945,1.3030205556294825,0.06853951202582645,-1.6484126910282115,1.561853285177469,-1.3020739644458366,-0.5002229920136472,0.2002985879380328,-0.44198503684345103,0.917692446356944,-0.8444910306780841,0.010276094071955372,0.028072942818943875,-0.017542359212140222,rs1800440,-0.0079,0.005445,-0.00390759,1.58101e-05,-0.000699557,0
67,67,2.2091468949848787,7.10756490277491,-2.996173101743349,-1.1116849360727017,0.5983848694832009,0.4497768682805509,1.8003565021482708,-0.2226100986603909,-0.8683551187877276,-0.15394647283679255,-0.43233819116367533,1.8901639085241548,-0.2399343964434953,0.0019596926478372967,-0.03085314996839446,rs1805007,-0.0167,0.025730000000000003,0.0150988,-0.00018120200000000002,0.00386845,0
68,68,-1.6453998139123003,-1.1121120208723467,-0.8726263570620097,0.07686151440634957,0.8346688013353605,-0.44434859915985453,0.9904600224661662,1.2562670310244923,0.7711303798365634,0.3296974182838155,0.31913410344206666,0.5447694387981401,-0.012316963506594758,-0.022113513547175872,0.009928464191711645,rs1973765,-0.0817,0.01284,-0.00016198700000000002,-0.00037213400000000004,6.316939999999999e-05,2
69,69,-1.0266396469097592,-0.17989776371255706,-0.4799424570851249,-0.5661388984845022,0.6031864857301671,-1.10069301394402,-0.5850126045765224,0.1297568486358541,-0.7277674688069601,-0.6910123179874544,0.6267844880195289,0.2351282658987212,-0.033338565698241354,-0.01971250263103237,0.014233689998000275,rs1985742,0.0588,0.01005,-0.00038783199999999996,-0.00039814,0.000269467,1
70,70,-1.6414492594711598,-1.2447427403107578,-1.7203154265268217,1.4389127331585614,-0.19371891434701166,0.4213115824881429,0.8266946688278596,0.5620238013084883,0.44479832671563785,0.1629427603290572,0.6442941816940535,0.2064634712543686,-0.0066903262445206285,0.01011218317272916,0.006340756874867114,rs2016394,-0.0425,0.005118999999999999,0.000120054,-9.19955e-05,2.96745e-05,2
71,71,-1.1715004503658255,0.4283878544765241,1.0802579858851875,2.3921256988801267,1.270079109323644,0.1984405235573901,0.7946845436316184,-0.6487630454756851,-0.10114847038319044,1.1926764494786086,-0.09193406220404376,-0.3847326050773001,-0.18880275982443168,0.018957802297924868,-0.02819729658435325,rs204295,0.0026,0.007256999999999999,0.00320222,0.00023788,9.95848e-06,0
72,72,0.12919856687983822,-0.5345060253237652,3.2174863952614667,1.6784944479841146,-0.06990368333932115,0.43615205875487467,0.6233007617249976,1.074572214900732,-1.4854295282716043,-0.14221779288192907,-0.2243900625806329,0.4266002903466323,0.009548985554280057,-0.02458923372811293,0.009247320482598955,rs214803,0.0039,-0.0013449999999999998,-0.00774366,0.000994626,-0.000101786,0
73,73,-1.4779257407116397,-0.14484672035894966,0.5609621983924771,0.013260775142634844,-0.03356597107899853,0.33729099380996713,-0.4078698830846051,-0.4997058678807175,0.2391070928985761,-1.4061352614849605,0.4456814720326637,0.921313521622833,0.15455243353797538,-0.0191399023533808,-0.0024977842853686877,rs2151280,-0.0317,0.005827000000000001,-0.00409925,-0.00019904900000000002,0.00021506599999999998,2
74,74,-1.1222006088893846,-0.013097247211168596,-0.8091810087172397,0.8454243626688366,-0.6820977189218377,0.4768555551132939,-0.5231298306058287,-0.9418200544173028,-0.459152257355591,-1.2812048055069285,0.9041531255233632,-0.01920041303194065,-0.007678269915898219,0.021403619330907328,0.027383690360349558,rs2253012,0.0433,0.001771,-0.000559755,4.8550699999999996e-05,0.00021058400000000002,1
75,75,-1.354263525861255,-0.2063147078795548,-0.3774846797280503,1.8440554218595877,-0.49960075307131996,0.9779510890486504,0.774393790066832,-0.4120188706353095,1.278370904731175,-0.7111367566936497,-0.4138563834710902,0.1166638699578646,-0.019932098213180705,0.0185279472911447,-0.017833820297138068,rs2403907,-0.0796,-0.0020050000000000003,0.000950107,7.05636e-05,-3.49223e-05,2
76,76,-1.529262396835399,-1.2571950458074324,-2.1140409650083174,1.4722845186480105,-0.8059540472538301,0.6885265039492406,0.8276017752301921,0.5206998088434941,0.2039664969869116,0.14386555329900835,1.1139659076711927,0.05782312444990353,-0.00037898862977910535,0.02188603032102129,0.015401916631407124,rs2432539,-0.0349,-0.0036299999999999995,-3.1911e-05,2.04005e-05,5.136430000000001e-05,2
77,77,-1.3438322000759977,-0.17043551675404367,0.6635235445488228,-0.7782802325606102,-0.33502667628363675,0.14022172740621985,-0.2302338677036702,-0.5828217270458943,0.932009589550845,-0.98915840614213,0.5628469644361339,-0.18520701030297468,-0.047291649214688085,0.005053627279699415,0.002284476886932471,rs2506889,-0.0615,-0.009728,-0.00101773,-0.00020627900000000002,-0.00034514,2
78,78,-1.1780811244102458,-0.6157790611654901,2.865465600152273,0.6237294444719755,1.3203596203739891,-0.28334111422540115,1.6965031775777686,-0.9443525447932593,-1.2748113752594137,2.081851892437021,-0.0956850494758131,0.6405247091815451,0.15192612630960345,-0.010651950773365924,-0.003778485310402429,rs2736100,-0.0011,-0.05823,-0.0032196999999999994,0.00100376,4.56139e-05,3
79,79,-1.2865064666902921,-1.3702640875011032,-1.4767199321874906,1.2709573434452273,0.5991847806089999,-0.5449164532327729,0.0253286726786244,0.14043514506822355,-0.4216628643381173,0.4244330914654816,-0.1980147173915451,0.2142962607062452,-0.05838256463218373,-0.003955852721046657,0.01390526662602878,rs2747652,0.0663,0.009016,0.000225628,-0.000214025,2.01297e-05,1
80,80,-1.4651672635277109,-0.971796781305608,-0.3771866721708758,-1.4336875869509689,0.30568005332563514,-1.0065226074587366,0.8015418588420675,0.7307304621953845,0.7882119396657297,0.6234958296415637,0.5974316314473609,0.19552932874060194,-0.07443205570140744,-0.01643384324623899,0.03488762247518444,rs2787486,-0.0758,-0.028210000000000002,0.00020030000000000002,-0.000449476,-0.00018398,2
81,81,-0.9670254271797192,-0.12083348432808863,1.008614294966968,0.7533081361577054,-0.9750128109569274,1.1744766387022658,-0.8166944237628669,-0.7944076985881823,0.016376651675287176,-0.9258233766040248,1.0827396294142335,-0.045848977917553733,-0.09188178247103858,0.013919639724268941,-0.041797428890593735,rs2849699,-0.0082,0.002587,-0.00410876,5.52146e-05,-0.00026703,0
82,82,1.110403524145747,0.2844532029411905,0.6734912846732173,0.24786169764442176,-1.2293393709496998,-0.7431994965734233,-1.078303248187804,1.2638130689882674,0.025975025149038083,-0.2524128945915008,-1.8221659666265884,-0.010704169658447078,-0.23991304601972124,-0.026583022183273502,0.06214526476083373,rs28512361,0.0611,-0.007917,-0.00164052,-0.000613294,-0.00018767599999999998,1
83,83,-1.4951619444122803,0.3886933230850108,0.893469522486075,-1.9189133118361952,0.6294471011114499,-1.7783446006858676,-0.5101254029159037,-0.3375371952230715,1.8830214786636024,-0.09222967012968517,0.059349490983163014,-0.5414642817858112,-0.3566633918367857,-0.01246317516327615,0.04854477719692938,rs2853669,-0.0651,-0.02617,0.00376645,-0.00123178,-0.0005735240000000001,2
84,84,-1.0538693982527017,-1.5847160737903043,1.4714572410141975,-1.3021283067395104,0.4797212502268458,-0.8459839870558851,0.9226488527946336,-1.3342128930073978,-0.8877577089945463,-0.3009335909500615,-0.7658293207697304,0.6011695498234348,0.17605250919416846,-0.015404475890957156,0.010128567379868536,rs2853677,0.0267,-0.06321,-0.00434379,0.000962764,-0.00016696599999999995,3
85,85,-0.8170820463521118,-1.2948392776170172,-0.25721781707038416,-1.167337227677559,1.514374866933667,-0.3551842632109322,0.1059282750951194,-0.03329287021720653,-0.7586062232488431,0.004021835899551407,-0.061408588532988265,-0.3561618656603747,0.010638895209050741,-0.0029885972580872143,-0.034561702567412034,rs2965183,0.0445,0.034839999999999996,-0.000371846,0.000468063,-0.00017901,1
86,86,-1.527674356223956,-1.0228221152888122,-1.489695547875402,0.3298598854247301,0.17858711077239345,1.3247596284865937,0.4850681731312732,-0.5067419693466838,0.71986311966427,0.6267860573577854,0.3465836486464648,0.42885340315092346,0.07273766975970039,0.018975146900007463,0.007610233713923655,rs2992756,-0.0506,0.01684,-0.00031508400000000003,1.66447e-05,6.24375e-05,2
87,87,-1.1795151953259826,1.4995863902684141,1.347657271992324,0.35532669628580543,1.4142856099867915,-0.1178847029456644,-0.08992117895797197,-0.8378964570700272,-0.2458813549244165,1.0819629064481808,1.1632898308463218,-0.43015532281328617,-0.15942262611102356,0.011765787259541263,-0.025685714055484143,rs3087243,0.002,0.013880000000000002,0.00355851,-0.000269547,0.000216715,0
88,88,0.05572823236765577,0.4298060413420168,-1.197941803844627,-0.6704521998478714,-1.1206479283889772,1.6105849695909789,0.16440231032559502,0.3769829929978429,0.6121810192875753,0.24312396428576155,0.2020849805427113,-0.006545671168119056,0.08460999718624387,0.02310764832462347,0.04228149541462115,rs332529,-0.0606,0.017169999999999998,0.000511026,-6.01795e-06,0.00025751,2
89,89,1.2012058855627334,0.07160726971182148,3.0265035180492568,1.3247448512812945,-0.2615049248927433,1.1433507786469133,0.4082853395964525,1.7090643967566772,-1.10939329863915,1.611177497345078,-1.2589067872198352,0.44960541036192064,0.14705218198606834,-0.027373830235751684,-0.008736309616170295,rs340797,-0.0024,0.01342,-0.00668185,0.000686525,-3.9172e-05,0
90,90,0.5896682408889534,0.5233450464646469,-0.359645723293391,0.7893819983063696,-0.3499981825208164,-0.2419943256844693,-0.6928309375267746,-0.6367861683799017,0.2648868783444516,-0.7874417172952779,-0.37666199765481184,-0.2858578103716617,-0.1111141539152967,0.010240446584198416,0.007774255555459194,rs34195518,0.0611,0.006344,0.00249531,-0.000235194,8.069451698924732e-05,1
91,91,2.2357168325454233,7.631210595352551,-2.8255977934482823,0.22533454046710666,-0.4951760355000267,0.2979886940675987,1.976706955688644,0.06736096862077197,-1.1901237721904954,-1.0280256855104932,-0.002394146980632764,1.8763739736491312,-0.2087016294447668,0.003970474230475109,-0.03038597646802992,rs35063026,-0.0145,0.001632,0.0147282,-0.00012900299999999998,0.00404767,0
92,92,1.7513017737982477,-0.10271189637793733,2.8186933634521765,1.084691287631422,-0.4750652875478011,-0.9533083440532351,-1.5293178740301745,1.4823578966927071,0.7600338034026973,0.07286532111461247,0.9273735184126404,2.218215828235618,-0.06116622787677117,-0.09742386243295506,-0.11387496105007015,rs35251485,-0.0086,-0.005688,-0.00975552,-0.00137925,8.069451698924732e-05,0
93,93,2.2209871230844893,-1.4182101431518574,-1.7322801718405323,-0.8726813025070549,-1.2383017069264612,-1.5075557372790191,0.05771789236135366,-0.07960994413928492,-0.24858994009123803,1.7652721840603611,0.8900146417935116,0.6257606509516508,-0.21190966328550773,-0.010656583973074549,0.004538164498450356,rs35383942,0.10099999999999999,-0.07658,-1.96455e-05,-0.000338209,8.069451698924732e-05,1
94,94,-0.8941018455305426,-0.455325045124827,0.13309537194046311,-0.5753469488999202,-0.3772574193440352,0.2813977287213271,-0.7358786982588753,-1.4821726257041432,-0.16957989380419172,-0.5433910148664539,0.13853992776577415,-0.2976650647753054,0.008233618402882774,0.019094518576097227,0.010697763520886245,rs35910339,0.0462,-0.01325,-0.00113933,0.000123944,-0.000278999,1
95,95,-1.100132684174716,0.01850235623180279,-0.5607589552823569,-0.4961305686775633,-0.009239674931554472,0.5985180400962962,0.09576989588871858,0.0237643844484416,0.5128750078105112,-0.006517635190058545,-0.13001484262465993,0.03246625118654994,0.03047284125158972,0.0067514241476691,0.015550018123141015,rs35961416,-0.0417,0.01425,0.000551114,-0.000160171,8.069451698924732e-05,2
96,96,-1.1837044677791606,1.0084581232396392,1.9531262907820144,1.5239031991764287,-0.6648641038016186,1.6931134935748846,-0.4854616055690678,-0.5840048590281506,-0.8632177410155889,1.4305437161073717,1.2168037033368275,0.093670667964928,0.0798185749831399,0.017501337126901956,-0.0047788198442889574,rs36019446,-0.0005,-0.006145,-0.00370561,3.22106e-05,8.069451698924732e-05,0
97,97,-1.5412148459656112,-0.9402803588814358,1.8221474488407583,-2.1477366352835414,0.1366827497615182,-0.8936877248227572,-0.7383914965597075,-0.16969546916511793,0.9154255728630809,-0.381196697926952,0.1222363915301872,0.6867343231761999,0.09306693925318367,-0.04217219137098805,0.025934514671732,rs3769821,-0.0565,-0.02968,-0.0055905,-0.000704913,-0.00054423,2
98,98,-1.3499141873377127,1.1645857520199765,0.8295287565073949,1.1007359068594686,1.1336187181206936,-1.52167587503811,-0.046844982090298026,-0.0847947545055073,0.2769049919102306,-0.5645948690795998,0.2957662058293716,-0.3688897546163181,-0.2830312047357921,-0.00930508390333707,-0.0012885428805022585,rs3778607,0.006,0.003062,0.00452514,-0.00065164,0.000151685,0
99,99,0.5282576202899941,-0.4432795139463832,-1.0905227974849592,-1.4884090482812429,-1.0367768256308365,0.8928643637854654,-1.2695062795238727,0.18528551576183294,-0.2700441978180433,0.6043332252335729,0.2358718928757137,-1.2859689997530543,-0.07812180892384905,0.03145246890396251,-0.026598801905029192,rs3821902,0.0623,0.02781,0.00039578,-6.76782e-05,-0.000527598,1
100,100,-1.5039693886926884,-0.21924244185936306,0.3642785890318367,0.19832959860879948,-0.947818669550912,1.1044930130197337,-0.6035054159154623,-1.0919169636033337,0.664679444045512,-1.6470153207908318,1.040787992596295,-0.2833051395746631,0.044647906923834586,0.024134787654319974,-0.0031599698982663024,rs3903072,-0.0434,0.002601,-0.00234024,3.47305e-05,-0.000335826,2
101,101,-0.6914580410057093,-0.43978724146112536,-0.7977907729502971,1.556376590522652,-0.2451395300161159,0.22253607120387445,-0.1489208654817749,-0.8061274656731642,0.174185547682016,0.1752095843812989,-1.136592114759465,0.18371850650969784,-0.0713507595291655,0.011685530949052128,0.0210088550737227,rs4081859,0.0521,-0.008454999999999999,0.0009159260000000001,-0.00011309200000000001,1.98514e-05,1
102,102,-1.5638375371279432,-0.42520612894448906,0.4601877299652904,-1.3428202151075546,0.6585553746262869,-0.9772487075664528,0.29494181235926703,-0.6577873653097023,0.9061847903821248,0.1225634459418772,-0.07495334975840169,0.22558791656655866,-0.06994906856824963,-0.01187009467111218,0.030188140755661588,rs418053,-0.0465,-0.03185,0.000735035,-0.000408338,-0.000195884,2
103,103,-0.9885917130966934,1.073430469376394,1.8614821663334709,-0.9981822142440596,1.1733251359014278,-0.18943345723116325,0.6599855785008074,-0.7616762822741198,-1.7409042451538073,-0.07139387003442224,1.0918280620273546,1.4890758468612166,0.34172736049448504,-0.03253738887557571,-0.007332816672753296,rs421284,0.0038,-0.0173,-0.00382973,0.000532613,0.00109723,0
104,104,-0.9082175099473706,0.020927003731461256,-0.5832585489216988,-0.9542282934241432,0.4447788860804117,-0.4309509744004319,-0.5506018747599689,-0.2359490849905913,-0.5660973609149726,-0.5748191734082928,0.7500165401102431,0.2997814464305681,-0.01886592212476593,-0.008095014823152398,0.040953743492088496,rs4233486,0.0396,0.01365,-0.000444729,-0.000267065,0.000345252,1
105,105,-0.09196423574907686,0.03721753100454052,-0.029502647980916237,-0.27367362290463626,-0.5673811809784246,-0.37245000388268334,1.7137492735592612,2.0882768712640374,-0.455110836251451,-1.52482094778424,0.6133615985759553,-0.40571555758530103,0.07319243400607592,-0.006703389854230537,-0.022002464495802763,rs4286946,-0.0799,0.0006617000000000001,0.000243155,0.000751525,0.000297392,2
106,106,-1.8848003186361089,-0.3219546248151573,0.4083451883245853,0.6796722918267438,0.6165735704132155,-0.3237401811708324,1.096919038233488,0.2621549160528749,1.7244441968028184,-0.5674767416354726,-0.4060580131031418,0.5139507970822974,-0.044790315701511055,-0.018012012143683004,-0.027202610361620017,rs4442975,-0.1274,-0.007201999999999998,0.000806505,-0.000355734,-5.68667e-05,2
107,107,-0.7650765778551442,0.28031514587413303,-0.1207340961771732,-1.0210614835144534,2.6155739211429725,-0.20536132485573255,-1.1491304189435405,-0.0221033040843239,0.21309908506208916,-0.3537296871354841,-0.6805952005431302,0.08725801479084773,-0.08790782929849378,-0.02380400095200809,-0.04607433893306848,rs4449583,0.0353,0.0976,0.0017491,-0.000550707,0.00019135200000000002,6
108,108,-0.8386503041832242,-0.6203974341333603,-0.4260263018688918,0.08360337855643273,-0.6438354970788936,-0.07696277235163403,0.6726603616061265,0.8190813320871249,0.07981621556619653,-0.8399355647506709,0.766399716853006,-0.6615929571210181,-0.03695757403879006,0.011930839447674842,-0.013621967390676044,rs4496150,-0.0416,-0.003994,0.000283358,0.00026416,-0.00021867700000000002,2
109,125,-1.0569307496160334,-0.3253724247708689,-0.003408275702001238,0.7834273477497802,-0.28324279290470944,-0.01147141247737698,-0.7590931446277871,-0.7201544740340404,-0.018777823991726825,-1.0972429392783731,0.07323060126900714,-0.1428759692659936,-0.07667717508781333,0.0069147591286105575,0.010211375085556742,rs4562056,0.0416,0.0036869999999999997,-0.000938696,-0.000163006,-0.00016747599999999998,1
110,126,-1.596805202778709,-0.7873913583157951,-0.5717502386899939,-1.2299974459148877,0.4672283742816462,-0.8887151210332715,0.731707713282758,0.029844305560108125,0.3154087709530902,0.5659397361353725,0.5281930934845871,0.6810408355430768,0.04068206424618312,-0.017849822229059443,0.033516179718632695,rs4702131,-0.0424,-0.03318,-0.00026053,-0.00033827300000000005,0.000160824,2
111,127,-1.390047543408718,-0.5781458466959953,0.2363794247451048,1.443517723391111,0.0032693321918340875,0.3416952828361577,0.22030322043507564,-0.5810577609689089,0.3823139119797696,-1.1763524280719262,-0.31143788101963576,0.2302335695566079,0.005811086442143453,0.002891262359715636,-0.016110508269240244,rs4712653,-0.0178,0.002333,-0.00133815,0.000176102,-7.469659999999999e-05,0
112,128,-0.17449828628712907,-1.0536144356120891,-2.2766050444470904,1.1171155739094902,-0.6913567439247851,-0.4889061197081031,-1.1895035831951122,-0.5855283429060857,-1.9966024201833057,0.6142556551593634,-0.048420229855733896,-0.3169982580827189,-0.028508610947484924,0.018433657740349708,0.02354534664224917,rs4784227,0.2153,-0.009053,0.000192735,-7.29517e-05,0.00010405299999999999,5
113,129,-0.8437820999136654,1.0281439332227378,0.566593007004511,-0.7046673257274,1.1859825138863007,0.2705145620532891,0.2207889194544041,-1.0696265079137388,-0.2052163632585203,0.12356377755937435,0.537984524496057,-0.36731072204879056,-0.03741430114401558,0.017601200269190237,-0.029766877318516963,rs479777,-0.0062,0.019180000000000003,0.00318805,0.000248673,0.000295117,0
114,130,-0.5205003240320799,0.4420531906032935,-1.0202038476649913,-0.7634416929538203,1.9913921831482555,1.6394024072858004,-1.3632100843423056,-0.8364206968368947,0.17743905255999046,-0.240517993842857,-0.32504357103859155,-0.3325194875996211,0.031470315790792215,0.017046208442300127,-0.06220783171045726,rs4808075,0.0383,0.1224,0.00227191,-0.000104307,0.00021370900000000002,6
115,131,-1.4610428546140497,-0.4484401489472327,0.8350733165105766,-1.0651691177899891,-0.2426926648291223,0.002308710093781488,-0.4798385747961553,-0.826184102749376,0.92036881687696,-0.9147979683845364,0.6276767099038518,-0.4823918438765559,-0.06302218819082167,0.0096027686062206,0.008275683748402287,rs4820318,-0.0475,-0.01132,-0.00107845,-0.000211228,-0.000595643,2
116,132,1.4371296417028157,1.320076859470122,-0.15274145696779126,-0.6582758147066502,-1.0677675836022191,-0.5043001736143276,-0.08710791070063355,0.7316752631059789,-1.754319305609779,-1.2459821786802268,-0.5555878875646335,-0.27854235006123745,0.04115356042707834,-0.002785310853026159,0.01999294290654664,rs4848599,0.0933,-0.0055049999999999995,0.000871931,0.0005218719999999999,0.0007078119999999999,1
117,133,-1.081003043427465,0.3340073789768239,0.34719963910033597,-0.039346609181625206,0.3388940494144915,-0.9333249806041594,-0.731963317095583,-0.2991130254130119,-0.4042967770926147,-1.5156174225749308,0.2767273736567019,0.3637154263785537,-0.00942166036712253,-0.0223971298857446,-0.007136448196208155,rs4971059,0.0424,0.004712,-0.000969515,-0.000386,0.000280494,1
118,134,-0.7704457340921154,-1.0831937659344164,0.5470823790535213,-0.17038080324046911,0.8669246476171095,-0.6566583164150567,0.5170634639943775,-0.7488949850055849,-0.5561628422971872,0.08117810907971684,-1.4814037667140043,0.28548079453459585,0.1708693114361377,-0.011923308355766186,0.0003261799949809308,rs527616,0.0499,-0.02035,-0.00115898,0.000531779,-7.422220000000001e-05,1
119,135,0.07301621197744218,-0.5633475381713091,-1.2083469839832006,-0.4338837954254551,1.1586753590225087,1.572899174684088,-0.7488506163446674,0.3133650098684643,-0.27395727751380633,0.5848880019320887,-0.8590529313871194,-0.032122995568903384,0.14886392645817578,0.0045916426801906685,-0.044563689351293456,rs532436,0.0431,0.09608,-0.000578996,0.000155829,0.00011611700000000001,6
120,136,-0.570269163220736,1.6009175930359396,0.8935635012898563,0.20742631347556964,0.3889650049155923,0.15831192837410213,0.2202999810444363,-0.7657052202754729,-0.4536179088484265,-0.5844307152544966,1.2033132571103116,-0.3923608640806205,-0.30123564100901795,0.022397597135043117,0.02282493996907434,rs55775505,-0.006,0.006370000000000001,0.00288632,0.00022867299999999998,0.000436317,0
121,137,-0.2940454771915492,-0.4008130349072255,-0.07152049484626574,0.2923526489847224,-0.21671396892106276,1.3938647908505335,-0.057308462827259314,-0.14638741474843348,1.1163487337389004,0.3713083992569898,-1.2446555303812348,0.6126206210714218,-0.09080345569637503,0.001929399106413132,0.04143406382678025,rs56013747,-0.0497,0.020130000000000002,-0.0018427,-0.00011699,-6.28557e-05,2
122,138,-1.0999195515872038,-0.5614259500336244,-0.06501504805241111,-0.9609413144944596,0.7519461302569597,-0.011304945884246263,-0.4569888210279877,0.04695220736724609,-0.1238486340595229,0.6972223248138187,0.9124711366371424,-0.35354278164892783,-0.017594675073918074,0.0017604266852673004,-0.007699842159087337,rs56077333,0.0078,0.023809999999999998,-0.000354156,-0.000256296,-0.00024484,0
123,139,0.7845178488098629,-0.1376704804293268,-1.0959029771764053,1.0601731473211924,-2.3083925424587415,1.6578991192901391,0.942659461896134,1.8221586762565691,1.1556653591703376,0.8040643622291688,-1.1928255193078152,0.06268784491652489,0.057315978225169865,0.013285609416080377,0.031223347860488908,rs56387622,-0.0942,-0.007918000000000001,-0.000472492,2.32888e-05,-9.982e-06,2
124,140,-0.3857035219031944,-1.0706022864327365,-0.2783293224185345,-1.2736039978542693,0.3744838789578974,-1.0299378002636357,0.8952381292720312,0.10606419119632922,-1.2237219408989366,0.4451562983264708,-0.4527701420856562,-0.026079667431168917,0.05495704235163773,-0.008157719317972914,-0.010567161251429162,rs56891541,0.0535,-0.0328,-0.000320813,0.000630376,8.069451698924732e-05,1
125,141,-1.3259419308874505,-1.7863751278469728,-0.7838052721340121,0.7732522076313775,0.924828269700395,-0.6793956718182206,1.8720305375796324,1.4267025891045462,-0.2953203064683931,-0.168522480415354,0.1221164449209607,-0.038604738606578905,-0.024100493517800033,-0.010269271866531844,-0.03628080921207144,rs56971155,-0.0424,0.0072450000000000014,7.44665e-05,0.000615361,-2.8768000000000013e-05,2
126,142,1.1786004914337629,-0.20349006630301694,0.02551806015872313,0.02988750966913745,-0.6329624566069951,-0.4823557642860665,0.2583235099613892,0.8239810891177889,1.4470119625817195,-0.3802338530716981,0.4942022104757463,0.710331465509248,0.13893668927443814,-0.02528389429936484,0.03542425574136692,rs57212245,-0.0652,-0.0124,-0.00087498,-0.000505025,8.069451698924732e-05,2
127,143,-0.3904072702248056,-0.4089257815784503,-0.3792698246166045,-0.3033973581706789,-0.2060584971149348,1.1950939841319494,-1.0762895970777937,-1.142718314032263,0.11975654823962935,0.2203726130385839,-0.6460936171012903,0.003142733175818562,0.07027663069276355,0.014424823573765119,-0.03506989557561156,rs58058861,0.0474,0.02226,-0.00148837,-4.89253e-05,-0.000174909,1
128,144,1.46483418170388,0.010669394837281285,-0.8301181127886639,1.3558151153761573,-1.8316843741598805,0.1085677834546559,-0.4793067662709674,1.2900485593349096,-1.3055404061185223,-0.18064980267028705,-1.550491064079608,-0.4874724120769217,0.0946830730873821,0.00032427988371089826,-0.053492676888130114,rs5995875,0.1206,-0.0004718999999999999,-0.000646285,0.000265132,0.000109774,1
129,145,1.3797721588817409,-1.3510419703796404,-0.6988020770017092,-1.1053971396126998,-1.0282839838326097,-1.46813590061253,0.9882787191528292,-0.6197104876488921,-0.7586790722438668,1.1938081205184328,0.11824995522909655,0.3958911672604822,0.2347615748734081,-0.005547970291462267,-0.007781806480458365,rs5997389,0.0791,-0.0992,-0.000359956,0.0004891769999999999,8.069451698924732e-05,3
130,146,-1.0018917226231414,-0.19703128751819976,1.0337727476627696,-1.584389557268454,0.3333325490152965,-1.4098665329070892,-0.523642845210087,-0.0584788134019865,0.6742430501813362,0.2987108817440606,-0.2502769949670865,0.3006073637477504,-0.12606720411851907,-0.03194164023492073,0.01843355032029066,rs6010620,-0.0132,-0.03157,-0.00092984,-0.000835288,-0.000285885,0
131,147,1.064851397917274,-3.0398037009566234,3.3481170032976366,-2.3399726938218657,-2.9080029478114864,1.1737803671978753,-1.5998238824351927,0.8695129235675907,1.0473462598765355,0.031497943890672224,-1.020355807990082,-1.4282693260444643,-0.3334189743998945,-0.00027433426992674463,-0.08916169708520455,rs6059655,-0.0403,-0.03191,-0.0118086,0.00036591699999999995,-0.00247048,2
132,148,1.9211515550045728,-0.22929294735733965,0.05202258107366604,1.0829155676382225,-0.3943445287623189,-1.7089165094293999,-1.8651762223675243,-0.1739639956857166,-0.6822168767183383,-0.8483729210299208,-0.4068575403163778,0.43024508757314256,0.03216249460312373,-0.036062573066109584,-0.023908127869682255,rs60954078,0.1817,-0.0043,-0.00165448,-0.000657844,8.069451698924732e-05,5
133,149,-0.8882029706714174,1.1964227961261258,-0.5669307124901716,0.9658229644132812,-0.2444439581549944,-0.3376666006518444,-0.06776139283723312,-0.5803513438437883,0.3264754526879094,-1.0849673378759601,-0.5068096862386473,-1.0323254105045605,-0.30964072285643784,0.02928653222326482,-0.024268670364088803,rs60960598,0.0218,0.001696,0.00622173,-0.000175561,8.069451698924732e-05,0
134,150,-0.04663675490764222,-0.3325518066354522,-1.1218335319181187,-0.2973535979362136,-0.531135112892326,-0.6007799038114208,0.3519967924471274,1.276490219803133,-1.458249909688734,-0.8067636548013952,0.9627758269786102,-0.3881376969298109,-0.027284108847416538,-0.0011966881903437401,-0.022035099248286425,rs6122906,0.0507,0.004966,-8.85624e-05,0.00037331699999999996,0.000325944,1
135,151,-1.5992256808540382,-1.3481781213408195,-0.9376134469734742,0.3679223702874017,1.1308956061028337,0.16018029422249047,0.8288982261981769,0.5088931022659675,0.9111558615775964,0.8698295101377367,-0.452205293524567,0.7044543809064341,0.03184343684714645,-0.014645502478156928,0.0037468965961434814,rs62048402,-0.0624,0.020630000000000003,-0.000302509,-0.000254683,5.6893899999999986e-06,2
136,152,1.5986950084416258,-0.5597457595126293,0.6408669886828647,1.1183231706569754,-1.7725190266626685,1.4299578833788034,-0.6117574906870336,-0.17892825995629666,0.8469652674764152,-1.2555452182218354,0.5579603167928368,1.3213895166253131,0.06390338486337684,-0.010717127891126329,0.06048691693224099,rs62052673,-0.0286,-0.000695,-0.00718799,4.271e-05,8.069451698924732e-05,0
137,153,-0.6498194534331666,0.2631444389599962,2.2366064463573103,-0.10282940331054974,-0.5056564247598062,0.8676698694824879,-0.8460558810832436,-0.6400940719267114,-0.3148310477482437,1.133272181975896,1.2115706697822204,0.019843487746451702,-0.09109824564717513,0.008079055040099968,0.07096243389479773,rs62202837,-0.003,-0.01595,-0.00452154,-0.000157302,-0.0003356,0
138,154,2.267746838604121,5.253128738421902,-2.201509968441598,-1.3014389275896117,0.1044477254671933,-0.2553549726259249,0.5443286392661016,0.15496059472358065,-0.8066215954692585,-0.4160135486303608,-1.114019348364523,0.886100666298799,-0.2828008162660226,-0.0030789200157761657,-0.016109045891789124,rs62209647,0.0454,0.022869999999999998,0.0116352,-0.000342713,0.00260519,1
139,155,12.6497102661544,-1.936677468758561,-2.042683373637527,2.15151688300526,-1.2567621541231622,-3.1752708077033938,-3.4604716657139463,-0.03682611834124108,-0.045535144271834915,0.6140443922366722,1.8770963843380493,1.0802348181495551,-0.2168785740701644,-0.055072094579667684,-0.1091433747851416,rs62237573,0.4256,0.01192,-0.000638866,-0.0008541060000000001,8.069451698924732e-05,5
140,156,2.9813424215729696,0.7307019697102153,0.005498701976542719,0.05764772957170309,5.780307473955469,2.3135928648378683,-3.2675588156848105,3.764394938199573,1.070825059725482,0.9990813889667348,1.3047187972601164,-0.4945370487949082,-0.0017619109209933582,-0.04048325412239175,0.015453416227358675,rs62276619,0.0058,0.37,0.000800464,-0.00126801,8.069451698924732e-05,4
141,157,-0.5262783074380076,-0.035979385317757864,0.04411347987703603,2.0474160486259327,0.0946432772556537,-1.158719694360828,-0.2229571179354932,0.5837294027917318,0.2221020405868709,-0.6414843419800434,-1.6204559483195071,0.12388789294801855,-0.11546270867023872,-0.024197642701863024,-0.02084181061152153,rs62331150,0.0494,-0.0006475,0.0012254000000000002,-0.0005205930000000001,9.98332e-06,1
142,158,0.6034658967983993,-1.3100981106062402,-0.4806017045216167,-1.4934928902789653,-0.5967861956032218,-1.3686165506623706,-0.7622909860590705,0.25369619245158803,-2.0725675757571427,0.18887457530367835,0.05710758603283996,-1.6522466526932336,-0.1276680241708139,0.014227634082670025,-0.05696309646487361,rs62355901,0.1734,-0.0202,0.000219688,0.000516835,-0.000631539,5
143,159,-0.6473748727761791,0.2391391010341127,0.0914125071626921,-1.0210587117437395,-0.1202914005494824,-0.023179913523554026,0.42742511309705705,-0.7515826998964948,1.0699204074161757,0.4048481144909055,-0.6401869890824222,0.3932139853684276,-0.001824122300285854,0.0012534140559429606,0.052360872245662216,rs62485509,-0.0545,-0.03241,0.00135906,-0.00024994599999999997,8.069451698924732e-05,2
144,160,-0.8507909288863432,1.2258812708885043,-0.7652833900623726,-1.529508482569279,2.548675261880027,1.2154615229286692,-0.91067219130924,-0.5640165937497648,0.3734402575461955,-0.8423523791577106,0.36017979862269583,-0.1241966186780024,0.03826205949243552,0.006037854880748715,-0.06002407688858472,rs62541919,-0.0163,0.1276,0.00355106,-0.000200594,0.000574618,6
145,161,-0.9535679075046862,-1.2166630503907716,-1.20677283687346,-0.5851884332499611,1.1386462409294649,-0.5521156699817955,-0.8087928414412775,-0.25456154320348945,-0.7164992695970671,0.6478646928665144,0.06006403079956979,-0.1933513207941284,-0.06708062269515246,-0.0012593956540238645,0.01295323397659202,rs630965,0.0992,0.030080000000000006,0.000275317,-0.000261357,-0.000139192,1
146,162,-0.06422248406966895,-0.2634049323986508,-0.2755751379117491,1.6071507940590433,-0.8433948709477703,-0.16671845223967338,-0.7517397459103717,0.23590766805085064,-0.2979351804217612,-0.606005165896138,-1.0193607260990882,-0.0742982428034451,-0.10441824626021984,-0.002847170061975993,0.014838820203976998,rs6472903,0.0778,0.001254,-0.000917089,-0.000230848,-8.62253e-05,1
147,163,-0.5363089181357051,-0.2676656419872944,0.8955386029462413,-1.3248931540953155,-1.103642809989681,-0.980344938014992,0.5824917207551825,-0.30798825647801,1.0311329462893393,0.910957216317954,-1.2387374177327728,0.7345200235483295,0.06514867869818335,-0.022223068279433218,0.06705232813982816,rs6496746,-0.0528,-0.095,-0.0012984000000000001,-0.000452574,-0.00017418200000000002,3
148,164,-0.6866263014087015,-0.4024913204826023,0.8055806453644577,-1.3215060975282464,-0.0990904299830652,-1.0646933607283546,-1.086239972324016,-0.3945773987084524,0.05772705208009842,-0.5052379449580617,-0.04095137824232978,-0.4921938047482749,-0.13073301526362022,-0.009168000619462291,0.01345207904645937,rs6562760,0.0443,-0.01601,-0.00096337,-0.000448289,-0.000529573,1
149,165,-0.3812048080298797,0.15233257919983634,-0.09640096516087664,0.5214158744470299,0.19018465801585796,-0.11269243120934785,-0.06788204029237979,-0.6031536712978716,-0.3916090844956718,-0.8485916921589882,-0.7284586966238167,-0.2040391386685317,-0.050163995547376376,0.006429512491868943,-0.03831713245231212,rs6569648,0.0512,0.007517,0.00134787,0.000270597,0.000152068,1
150,166,-0.7916428514142451,-0.17575638772251995,0.22183159625987786,-0.9982367139889368,-1.1267636436054662,1.2453272664009205,-0.46194346837505995,-1.2655518274265722,0.8711703757849414,-0.3171967473670608,0.3238514098263717,-0.2170079002832991,0.010054627443360142,0.028044074632795356,0.028072422178527585,rs6596100,-0.0439,-0.01684,-0.00154081,1.98848e-05,-0.000366365,2
151,167,-1.3559094739900663,-1.1049546403592152,-1.1366743765357548,0.5415053628885804,-0.003254201234674404,-0.7708717610289824,-0.052997176165166734,0.2173343242900336,-0.3996820783537271,-0.17497255525134142,0.7199549322637432,-0.21576946190085225,-0.08898454476124737,0.0022762264252199514,0.01640544256261129,rs6597981,0.0439,-0.00648,0.00018472,-0.00022238599999999998,-0.000124972,1
152,168,4.921248298818202,-1.2820860173096045,0.5156877330210283,0.5375986454210716,-0.2776540147861694,-0.9852211680406432,0.8060293038324077,0.0948932018483214,-0.4925073180392961,-1.1134240587247397,0.19097570072452655,0.09093515940723823,0.9019715919583079,-0.016045487932546516,-0.029925545696290676,rs66572733,0.095,-0.01093,-0.00150999,0.00138208,8.069451698924732e-05,1
153,169,1.3692777159605165,-0.14832096206828674,0.37442986037508186,-1.4420788836913203,-1.2785675802496699,1.5868752155374746,-1.8941645546006247,0.25637556885228485,-0.09881034744424083,0.4047198976386821,-1.3627659698540044,-0.17404109412056268,0.051744292460407994,-0.0023727151335280064,-0.049127327482757006,rs6679677,0.0584,0.0371,-0.00461595,-0.000127508,-0.00038614300000000003,1
154,170,2.613164496318691,-0.25916543224493155,3.4962780713581254,0.2735752487085044,1.316607328356622,1.0525691178689438,0.3403837617060505,0.4525007525730509,-0.923058128355142,1.4695837199492618,1.0039910468863034,0.8034169830081997,0.05624310204865268,-0.03283239636632828,-0.15640706357325876,rs6707137,0.0003,0.04091,-0.00681998,0.00100751,8.069451698924732e-05,0
155,171,0.5869716483272308,0.8054097429244519,-0.7645101739577641,-0.6597172738599713,-1.1236084934520558,-1.5032593197151298,-0.5817850197534199,2.3232342049656345,-0.9703762798670359,-0.640025420680729,0.40601481556519203,0.10070851935602693,-0.0476674882153067,-0.037134212934348855,0.011934961528210102,rs67087079,0.0527,-0.00412,-0.00021134,-0.000745737,0.000525187,1
156,172,-1.3408910003722545,-0.9813333708542324,1.8981440057193992,-2.195774673861791,-0.10414490605744066,-0.6973096715744502,-0.7495609404368507,-0.04707965595344457,0.7980479053411875,-0.3373174660888875,0.004024368310912361,0.8448099811328271,0.15662743429142614,-0.04513681739868393,0.02863665988345627,rs6719014,-0.0562,-0.03161,-0.00667006,-0.00063467,-0.000503896,2
157,173,-1.4393289255167334,-0.3123044835706118,0.8645171785578855,-1.0396687722972286,0.8365717230057348,-0.5933954892197298,-0.3740960144582239,-0.133839477333087,0.8322526976193209,-0.8975923178713217,0.2720384041577777,0.07021778970059069,-0.14235604092906018,-0.017464782006109802,0.015380910515876076,rs6725517,-0.0468,0.01344,-0.000935252,-0.000450149,-0.000275202,2
158,174,-1.2426538221779373,0.2528193191302742,-0.6512185808174725,-0.3861246287179553,1.3904885107393892,0.3923274660953028,0.15855331159516178,-1.1919807173187025,1.0107521505554544,0.22559638253187905,-0.5693032435194453,-0.09166351828724288,-0.08411303624889648,0.016355304724251875,-0.014051183905905654,rs6764416,-0.0274,0.03022,0.00432121,-0.000170652,0.000114037,0
159,175,-1.0518705930612815,-0.4145642970868194,-2.1148878651423204,-1.137777084758473,-0.5590034168321194,0.05947905836127696,-0.1795223258810493,-0.5683463731750789,-1.085686877823163,0.2898016876604508,1.8362568369715464,0.15285350634956488,0.08747094638483538,0.018881496566579038,0.04071335466414931,rs6787391,0.0567,-0.0168,6.25011e-05,-5.11694e-05,0.000455228,1
160,176,-0.765243647998363,-0.4934186240255174,-0.4381195467742718,0.7067192897728656,0.22228555444452255,-0.10334951134413888,0.17728450376469404,-0.9231146740374098,-0.21257683898635735,-0.03771957053673411,-0.9002814600887665,0.11888587560151373,-0.02469210412963725,0.008061851780501415,0.0015679964615183074,rs68056147,0.0501,-0.0117,0.000850341,0.000205075,7.28859e-05,1
161,177,-0.2980402357030562,-1.0058843681389529,-1.2099294877679447,0.037054328235730835,0.5499824538115426,0.5979673400300229,-0.0781778138311868,-0.12590614582879764,-0.2334800380197385,0.9920448829326316,-0.9681122668728444,-0.10836850740078273,0.1477428541367566,0.009286305490964371,-0.019121965479223343,rs6815814,0.052000000000000005,0.029789999999999997,0.000478303,0.000179325,-6.02102e-05,1
162,178,-0.8664544437172973,0.10809705274632528,-0.4283188597756228,0.580678432601099,-1.0969257655067322,1.065292184513827,-0.7426565784625089,-1.1425827016132102,-0.15243729927764813,-0.5727950989648741,-0.3101665245295714,0.10904427057705644,0.08670467435947729,0.02036489351705437,0.012160855343250926,rs6882649,0.0388,-0.00645,-0.00144824,5.294249999999999e-06,8.069451698924732e-05,1
163,179,-1.84520163563049,-0.03526807887336255,0.5120502792222795,1.1163811436578794,0.6932642569177272,-1.9378377760437155,-1.4413690837764446,0.528187800567498,1.1097471848123486,-0.6919563526539363,-0.4370490144947505,0.9178497443439476,-0.2133261933371978,-0.05672567932932816,0.0474995165520326,rs6983267,0.0145,0.003636,-0.00117383,-0.00182377,-8.859999999999999e-05,0
164,180,0.12973939230494552,-0.10464480769812556,1.6268011695653342,-0.6888944063745162,-0.6412944797833213,1.6272781528617757,-1.0864388919693326,-0.08709160390256873,-0.3671718793566783,0.6905194807954864,0.08394627701670651,-0.023162514864429908,0.22433554004387227,0.0011187893949643835,-0.017090416970672002,rs6989943,0.0067,0.021769999999999998,-0.00578309,0.000155932,-0.000341771,0
165,181,-1.350979801612875,-0.9639133269438328,-0.0635815769592485,-2.2225869330911032,-0.4853461124617042,-1.1471865469915492,0.5131133206542051,0.28426988341422865,0.6230831026198825,0.5640564401904365,1.015212294777906,-0.2368350287971168,-0.035234302798583333,-0.00479787068053944,0.05137070963173501,rs7072776,-0.0618,-0.05799,-0.000217985,-0.000387652,-0.000440254,2
166,182,-0.6063633400321805,-0.08400599139417211,-0.8567672302167265,-1.349542924953546,1.7411180213199642,0.8760318863025947,-0.7126888026875526,-0.3919524453425453,-0.5784287563238064,-0.3450448946678111,0.2795948652442309,-0.15063244110268828,0.09875877393664212,0.00640570539173969,-0.03458582352456768,rs7084454,0.0404,0.08832999999999999,0.000549494,0.000214241,0.000291122,6
167,183,-0.05115320836168475,-0.3623516193256336,-0.796154894037623,-1.6308920121758368,1.1830950316593074,2.0638555101004155,-0.8055803603608057,0.8071843774269019,0.5881639992340629,-0.025892846629398468,0.2499572785760888,-1.0061380474185495,-0.01721566074141773,0.022189944094967468,-0.04668980975171077,rs71238846,-0.0427,0.1269,0.0004945559999999999,0.000155141,-0.000337815,6
168,184,-0.5335414583935655,0.6811709721010667,0.0904221522926631,-1.6361115416665817,-0.27221088361596985,0.3318976548104196,0.8226410990783297,-0.4437608993963682,0.39249006872068937,-0.3931443437748314,0.1293771659815207,0.29499163851835936,0.11931351656815532,0.003982626817781759,-0.0020342555617855547,rs7149262,-0.0724,-0.02172,0.00087441,0.000254053,0.000404706,2
169,185,1.5292345326417416,0.4636090651363935,-0.4812964870505168,-0.1131417731620084,-1.2577228959740898,1.3718928801242511,0.7062644968568431,1.2937371335800745,1.0367179094926997,0.20109391928751036,-0.9430647161464312,0.02345733156648796,-0.37442885560368,0.011897337470553177,0.03005315828855732,rs71557345,-0.0806,0.01715,0.000842918,0.00018602400000000002,0.000157783,2
170,186,0.4874531831087185,-0.7550360280697939,0.6140666707775133,-1.6761931190175992,-0.4727237750176666,-0.21210041904156304,1.5991494123648833,1.0739707474275122,0.1276042611949289,0.3642482648348488,-0.8931574989531047,-0.2778825589768599,-0.07375160311786243,-0.002870906827522767,0.01817608606664066,rs71559437,-0.0686,-0.033569999999999996,-0.00054866,0.000778113,-0.00022386400000000002,2
171,187,-1.2302171702166922,-1.0935029867199455,-1.9523164265350104,-0.8200554641850393,-1.4160216127889016,0.36052065832647534,1.1875926807046708,-0.4754886478181019,0.2779542493075644,1.61892320440218,0.9243081784626064,0.4782463796363066,0.10390747598484328,0.02400857568948867,0.07636985565350987,rs7223535,-0.0439,-0.07553,5.19165e-05,-3.6153199999999996e-06,0.000135404,3
172,188,-1.504060832409608,-0.2607040129748524,-0.6653196351868776,0.15094390047862738,-0.09547253048878646,-0.929685239057176,0.7183781128905886,1.5888436414098914,0.2729549853082929,-1.134196411979079,1.4737043055927952,0.1251241201661327,-0.08346123856845558,-0.01903503497071962,0.002523619858307433,rs7258465,-0.0725,0.001529,0.000129175,-0.00040367699999999996,0.000211318,2
173,189,1.396124274335452,-0.7912581595983186,-0.7048718041503327,-0.5611783428671819,-0.2384739872256841,-0.8169043548749658,-0.023116131321253914,-0.8394939886714594,-0.8367497253347377,0.5720013202403185,-0.3083395682047628,0.011567270878700334,0.03373448621010389,0.003653584527007515,-0.013502757890638923,rs72658071,0.1182,-0.03445,0.000707718,0.00038250199999999995,8.069451698924732e-05,1
174,190,0.18809940000992129,-0.1428642215535547,-0.7847797590799258,-0.21551163760229525,-1.1864937561172302,0.7181528961159158,-0.5074264955939695,-0.9072672915447664,0.025555461823228768,0.6965053300565919,-0.8653653674163682,-0.4083101481144348,0.0019413074720006284,0.02946325981682613,0.033138200191518495,rs72725173,0.0559,-0.02102,0.0009036039999999999,3.624590000000001e-05,-0.000175685,1
175,191,5.087493088346356,-0.2477995358396872,0.12571303015492233,0.2903065510912666,0.12945261159621246,-1.5120752115309288,0.5877669520672765,-1.2802596259087404,-0.051078968754966085,-0.4695292982592486,-0.5336559586042031,-0.4667728919931442,-0.11303361958715713,0.0070710833008493295,-0.1329076896075644,rs72755295,0.1376,-0.02797,0.00504548,0.00105214,8.069451698924732e-05,1
176,192,0.9241791648915426,2.760595498511792,0.9296792131394576,-1.287880612351609,-0.021507982171866998,-1.1900255647928302,-0.011124427740472908,0.1990866645054601,0.0773835750396362,1.2115453878064946,-0.2484204794003856,-0.28446195198038593,-0.2587603021036221,-0.0064735749165074925,0.032313416729335416,rs72847652,0.0073,-0.03092,0.00616289,-0.000696585,0.0005795840000000001,0
177,193,-0.09234072628954637,-0.5933915185568236,0.8977444733211736,-1.4304170949062749,-1.6783740624595052,1.3604010786130412,-0.9919955619350403,-1.0553423182068458,0.5451271521036035,0.13085817723576185,0.21941966461428666,-0.15244369595220095,-0.17190772882545424,0.020402803759349747,0.014040816851756935,rs72928038,-0.0164,-0.026310000000000004,-0.00462671,2.8497e-05,-0.000641986,0
178,194,-0.6128114746812042,-0.9446302409283068,1.2338949657449492,-0.18647861429814566,0.6327899776437494,0.2053144388682097,0.28264298625502604,0.07415030264256342,-0.1663622438130189,-0.6333372736308942,-0.8664746861705084,0.4651414229540777,0.08015432771733966,-0.021080412093959208,-0.02833728503230248,rs73183643,-0.0143,0.013869999999999999,-0.00413562,0.000500983,-0.00012896700000000001,0
179,195,0.2992771551766312,0.1208239755447969,1.8695753390875465,-1.4334821783724885,-2.5297154098207777,-1.0358589330510122,1.2100177490824473,-0.3681571273617856,-0.8692879910347561,2.8967750377015853,0.8016682990065441,-0.6728216360108086,-0.06801130093602993,0.018424164275546214,0.005636218196663725,rs73375000,0.0033,-0.1638,-0.000479425,0.00034534400000000003,-0.000450565,3
180,196,-0.39199792503334296,-0.8131652761349929,-0.9396382396626676,-1.1451834271997086,-0.8827824316406591,-0.5406851876115949,0.5956307364252927,1.893635737496364,0.448397592190957,0.7254548368118181,0.5931695368236432,-0.30898498471224883,-0.0571479049583662,-0.008702818715308128,0.01598521891125959,rs73949122,-0.0593,-0.01807,1.33773e-05,-0.00038579,-0.000236916,2
181,197,1.62535828736756,1.067058764738855,-0.9753578947159994,-0.39725721102613626,1.1542728283707022,0.2375832907432709,-0.30150088289653404,-0.998399665096318,1.350411032138351,0.5991797686791881,-0.4689695350604062,-0.8442529151153211,-0.3930784696702077,0.029540432385936392,-0.07937478475275117,rs74415461,0.0213,0.05038,0.00854079,-0.00024141,8.069451698924732e-05,0
182,198,-0.4745810550475273,-1.0933820529171263,-1.863336109027924,1.6500856528599408,-0.7077748685205791,0.4751110056728194,-0.13902933411506305,0.1889850811798653,-0.6261836582541133,0.4441129838291598,-0.30014375695944123,-0.07783929027969085,0.031524916314966935,0.016320324702593918,0.003038935769333933,rs7500067,0.0785,0.006285,-0.000251044,5.76538e-05,2.66093e-05,1
183,199,-0.7952943046863817,-0.0699618846008434,0.4849255606280258,0.8162483787098466,0.012996365292939505,-0.14352846737147776,-0.24031623548320505,0.4759800927759442,-0.10630774403060908,0.27343496480000257,0.4329831198750647,-0.2205082895281512,-0.09296622492922983,-0.003388019353015064,-0.004265920616267918,rs7587476,0.006999999999999999,0.006861,-0.000555546,-0.00028706900000000004,-0.000145788,0
184,200,-1.1406133656293502,-1.3399179927157572,-1.7173017440372034,1.3369332488780856,0.2423906348948741,-0.2541238873734321,-0.3872799247965768,-0.30006385071714514,-0.8291425708832839,0.35173612342651045,0.0022994220720893538,0.11944650507568272,-0.03428928082250436,0.0059800471902040605,0.012934297211351042,rs7626742,0.1046,0.008264,-0.00023187400000000002,-0.000129054,4.17047e-05,1
185,201,-1.0742640248596986,-1.6674839684038791,-0.6714200712243479,0.9769723135330712,0.9592155942515556,-1.128898395915733,1.228944074168113,0.4797186439495026,-0.9757133802356844,-0.0872075856703785,-0.4811541916352439,0.005830178448312025,-0.03489944131972948,-0.009709003589248534,-0.02940553068166647,rs7650602,0.0489,-0.008281,0.000225098,0.000605733,2.2742699999999998e-05,1
186,202,-0.5761340508652952,1.1419042439846274,0.3774144524777128,-0.7388676843393066,0.3283589883835765,-0.5381120362839928,0.7387657592969773,-0.5118827845205539,-0.21711016243023615,-1.6421625689328876,0.16029516140377142,-0.21081959561495034,-0.03823571595464618,0.0035227048990330483,-0.047685241828017866,rs76798800,-0.0217,-0.007396,0.00308446,0.000425013,0.000499507,0
187,203,5.255305657290744,-0.8437492986648455,-0.019912103967802176,0.9984636093557976,-0.8504858142818646,0.1241385578908322,-1.2699034175632042,-0.8364571041793737,0.3264077715253484,-0.6499830402050135,0.26367638521807385,0.8033037931071043,0.3971568924677183,-0.020327294133906142,-0.1384720808632212,rs76956704,0.1352,0.015880000000000002,-0.00323857,0.000286826,8.069451698924732e-05,1
188,204,1.1706240132584729,0.1727288327708826,-1.5184351267704352,-1.1426637858910165,-0.6022973234561354,1.0819740049638584,-1.2704667082381491,0.3419215509838562,-0.9532407267338979,0.936574232810542,-0.6909250198906075,-0.08990241882298704,0.052257146309664014,0.00901720990809707,0.0121369202939529,rs7697216,0.1039,0.043039999999999995,-0.000530793,-9.12437e-05,0.00029423599999999997,1
189,205,0.6146905318880443,-0.20415987374148825,1.5544259104475289,-0.2569810291112546,-2.0097335518283947,0.7991554413890473,-1.6124461777189063,0.9976429471147354,-0.13931748104582395,-0.8922636534864089,-0.4788909037982932,0.18983064287799387,0.13358264392960387,-0.02558071312311356,-0.03565717078906038,rs77476954,0.0161,0.004795000000000001,-0.00787965,-0.000276821,-0.000422501,0
190,206,0.4940320238602378,1.0965275127752874,-0.3985892572901403,-1.7884356938220485,-1.8234225594154867,1.355808607937018,0.11609053591825215,-0.2563043850398427,0.4527872796312935,0.333614588191656,-0.17326981406033953,0.6360295595826582,0.17495280011251804,0.009078601714945105,0.03597879062406652,rs77528541,-0.0583,-0.030930000000000006,-0.00100769,-3.22179e-05,0.0005241180000000001,2
191,207,0.0008048689620767753,0.06330450562244297,1.2114843729728322,-2.1058625614158317,-1.7742497247261706,-0.8230557265752116,0.3996930788797115,0.060911956798374876,1.2176670890215564,0.7967954519116514,-1.035531293854808,0.3356380213676632,-0.010866513958544762,-0.01842173685365824,0.045287112932409126,rs77554484,-0.0741,-0.09871,-0.00137683,-0.00047765300000000003,-0.00034481800000000005,3
192,208,9.974241308062199,1.566185221930091,-0.9603351412926754,0.3143539171480924,-0.8614699135484573,-2.273829280137906,2.138059367823556,-2.803664001381679,3.8124479867172436,2.0071002244131124,0.8298579022033701,-1.168312035044362,-0.402249117308295,0.053486829789452635,-0.2390855073338397,rs78378222,0.0352,-0.1105,0.0192692,0.00043542900000000004,8.069451698924732e-05,3
193,209,0.392004889696396,-0.16694250341664602,-0.06796478423193701,-1.1854093687977527,2.3887315462010066,1.449197316559172,0.12060704846752775,0.7949476794429239,0.6716734519670864,-0.4457934979066204,-0.568425077517086,-0.2556107543875769,0.07813173376060563,-0.005807941843872026,-0.1156438209141935,rs78381082,-0.0611,0.1302,0.000985148,0.00048503,8.069451698924732e-05,6
194,210,1.1477895259250352,-0.07460696606569392,0.4004431491244579,0.13839810599026162,0.5601960237001565,-0.6189126435915865,0.3487639350190123,-0.2983223996095929,-0.4653259800355853,-1.050009704062213,-0.7680888289010437,-0.4318080532616148,0.08998838943921664,0.0012254523321124993,-0.02833359139058265,rs78425380,0.0603,0.01137,0.0018139,0.0007202889999999999,8.069451698924732e-05,1
195,211,-0.1361255144495374,1.6554529927571824,0.17573569866288566,-2.209771718469779,1.1409181536726638,-0.11915733856430065,-0.23324239428622914,0.5587320138721896,0.6112070374700536,-0.4415221717824067,-0.3630603329029977,0.7895143964725341,0.0365756438345124,-0.032328452833067706,0.02740046774383332,rs78440108,-0.0595,0.04513,0.00153489,-0.00061315,0.000786493,2
196,212,2.3913045511860083,-1.4549981680014257,-1.2722502225894632,-0.3862554424134601,-0.4076110692576797,-1.6045627076543507,-1.0047874571109372,-1.3152896597394108,-2.3164901717646056,1.0619030356381758,-0.3636001565887577,-0.011889314892703326,0.22327914654278194,-0.002362821577988024,-0.03721480192184631,rs78540526,0.2758,-0.047639999999999995,-0.000549686,0.000426066,8.069451698924732e-05,5
197,213,0.2471931778971736,0.771940785146534,0.0688449844173928,-0.6402247172156067,-0.633539546088994,-0.8802010512340621,-0.9560022992856372,0.3200376778199998,-0.7805183107950321,-0.7342295715290362,-0.39684915104863017,0.32214267113804795,0.03364301692392562,-0.025107957311945654,0.003842940405454025,rs7904249,0.0764,-0.00985,-0.000946986,-0.0004488130000000001,0.00040134199999999995,1
198,214,-1.4565932225108886,-0.7196450860969811,-0.01938946139415124,1.63600646507794,0.2812967520894779,-0.2358928443063971,0.4964611712497848,0.11958200218457705,0.8293859001070908,-0.4119354851891955,-0.8386683370826731,0.6550868173852877,-0.03530256025007887,-0.017476704161299362,-0.015332854608909697,rs7971,-0.0365,-0.004762,-0.0007610560000000001,-0.000275251,-7.0283800000000015e-06,2
199,215,-0.5428140295164365,2.7023541916823857,0.9128022168738156,0.7543798531634792,0.41389817573028254,-0.6806201270181629,0.1416484458253654,-0.4655322236488385,-0.16677541961071812,0.0550932148193394,1.1994007605128751,-1.1552982700330336,-0.2826901908333295,0.028205869981486605,0.005711664329547699,rs801108,0.0033,-0.003643,0.00772397,-0.000308565,0.000399151,0
200,216,-1.2153069988732617,0.03142768905643533,-0.3841032277060393,-0.3664500688214711,-0.7996301219097836,1.2430086084192329,0.06806513928847388,-0.9313736347153972,0.5404034515617921,0.03951486580401964,-0.2542535859328339,0.2884933613839431,0.06832038774764397,0.019114485983751768,0.018927176762320117,rs8082452,-0.0418,-0.0144,-0.00083205,2.9729899999999998e-05,8.069451698924732e-05,2
201,217,-0.5656628583569417,1.192004333633408,0.32208429660194143,0.7950292457142367,-0.19676799679621676,0.8368874661998699,0.04826321806627384,-1.2379243576160164,0.12995162567013874,1.2472600483877607,0.2702949716961513,-0.3904872824966628,-0.08406588659247118,0.03431911952796286,-0.0028920206929409537,rs8178977,0.0047,-0.014190000000000001,0.00334348,-5.41486e-05,0.00015183,0
202,218,-1.2082689481397877,-0.8047363068152038,-0.3887050692835701,0.9928280001946076,0.09374651982115208,-0.5724297683783856,0.2453306485876353,-0.12450452286358925,-0.4768990505436173,-1.0612788162962354,0.30896797956022337,-0.4230418513572765,-0.08300306586499206,0.007554961130870892,-0.02439467384883668,rs9284657,0.0366,-0.002396,0.000414662,0.000260963,-0.000123213,1
203,219,-0.5947246210893047,1.6573473710800608,0.4552843941497078,-0.9493893888941768,1.230212697591469,-0.008939359976347695,0.4518000251053602,-0.7981982910501683,-1.0468747473692492,-0.6089202905353597,0.6569048975793214,0.7112238595680003,0.11119373590441232,-0.00833449016941617,-0.013409094140716784,rs9350325,0.0074,0.015569999999999999,0.00139723,0.000350967,0.00110974,0
204,220,-0.4744136861880093,-0.3163216182351856,-0.7741203583376349,0.39404561494847823,-0.1718287869570752,0.2705839952162415,-0.5484582340430558,-0.2260904891457818,-0.2701778164221606,0.02055104626761127,-0.4996047090229981,0.20581707611736352,0.08644150163530841,-0.000683355710774734,-0.01279428985338438,rs9361840,0.0541,0.01174,-0.000648708,-0.00016376799999999998,0.000125089,1
205,221,-1.4094677378920295,-0.22080377883730687,2.5432830786991802,0.0759637674788985,0.9568867588221992,-0.8390718625679197,-0.6520516584270324,-0.03523817463592227,-0.08972341715628085,1.2214272806571442,0.5523619838319948,1.0427990619333465,-0.12835593239318813,-0.04756214252177597,-0.0110995294764649,rs9392026,-0.0032,-0.0193,-0.0051865,-0.000782539,-0.000147345,0
206,222,-1.0363099084581835,-0.2517374147722053,-1.456694697712163,0.716785941664244,-0.8797178559687869,0.6057604852431056,-0.4725844977609061,-0.5747254315258697,-0.5460833883152864,-0.7313818867629741,1.127006504535576,-0.1105840042749934,0.03878656093095327,0.02453606254797263,0.01617886219360402,rs941764,0.0463,0.00345,-0.000332228,-1.1006900000000001e-05,0.00020161700000000002,1
207,223,-0.7325110520336297,1.1054483638220591,2.1913718773715245,1.6860411707635734,0.8599737149976301,-0.1718674618735656,0.7390687604249412,-0.2608088438328676,-0.6035453922199514,1.0467916020577928,0.6723608771850825,-1.0773111753264004,-0.1670551231509736,0.021999332554288348,-0.0396144318916352,rs950039,0.0008,-0.005665,0.00333185,0.00039500900000000004,-0.000128534,0
208,224,-1.3250661034259508,0.2562612380077801,0.2119574481190215,-0.1803130207430073,0.2989877182274094,-0.35870415786111354,0.4187753218612928,-0.2373869202862636,0.8788342851881643,-0.6885513051582528,-0.06471247695152046,0.3903101075181597,-0.020696620682672,-0.01078905047687268,-0.0031074822096770643,rs9693444,-0.0626,-0.009857,0.000918632,-0.00030874099999999996,0.000167834,2
209,225,-0.3309654483101086,-0.5900312429655671,0.3468365425131826,-1.0495518416381528,0.41255389856355457,0.5950980340554378,-0.818488817309875,-0.8168098379130054,-0.2536262946322711,-0.19381540846464654,-0.62561111393003,-0.15342441804244195,0.06867285409408445,0.0035172813311247983,-0.028067641209204304,rs9833888,0.0457,0.026619999999999998,-0.00202552,0.000235603,-0.000246663,1
210,226,-1.3056885565600138,0.053593076398267984,-0.18079012804093847,0.4639606684064083,-0.7044099485992383,0.8496271513676268,0.01175682771221775,-1.006751911556361,0.8760553126942427,-1.0365537663483169,0.4925368610853073,-0.43052073910868455,-0.034034854700665085,0.030724805079335917,-0.003915496040295415,rs9952980,-0.0478,-0.00454,0.000960039,4.9195699999999994e-05,-0.000197593,2
211,227,1.3776596255072353,-1.1736610495878776,-0.9443025686905842,-1.0974460334951834,0.4411118849907157,0.3731696088623957,1.4572566997801846,1.606867190720205,0.6883035090045001,0.3165168628020879,0.99413023770862,0.10308548375342932,0.022747781175910448,-0.004856524495194532,-0.02170396464856433,rs9954058,-0.0891,0.03441,8.204700000000001e-05,0.000534885,8.069451698924732e-05,2
