,SNP,beta.Breast cancer (Combined Oncoarray; iCOGS; GWAS meta analysis),se.Breast cancer (Combined Oncoarray; iCOGS; GWAS meta analysis),pval.Breast cancer (Combined Oncoarray; iCOGS; GWAS meta analysis),beta.Ovarian cancer,se.Ovarian cancer,pval.Ovarian cancer,beta.Cancer of skin,se.Cancer of skin,pval.Cancer of skin,beta.Cancer of digestive organs,se.Cancer of digestive organs,pval.Cancer of digestive organs,"beta.Cancer code, self-reported: malignant melanoma","se.Cancer code, self-reported: malignant melanoma","pval.Cancer code, self-reported: malignant melanoma"
0,rs10022462,0.0375,0.0062,1.554e-09,0.02324,0.013280000000000002,0.08002949999999999,-0.000223982,0.000493606,0.649996,0.000481763,0.000295017,0.102469,-0.00032745,0.00018428700000000002,0.0759994
1,rs10054203,0.0383,0.0065,3.2109999999999998e-09,0.07755,0.013519999999999999,9.666959999999999e-09,8.81757e-05,0.00050441,0.8612290000000001,-0.00056533,0.000301473,0.0607631,1.108e-05,0.00018847700000000002,0.95
2,rs10096351,0.1055,0.0062,1.9660699999999995e-64,-0.0007661,0.01326,0.9539,-0.000661495,0.000490534,0.177492,-0.00014180399999999999,0.000293182,0.628618,-8.15039e-05,0.000183234,0.66
3,rs10102591,0.0249,0.0083,0.00272201,0.02613,0.01669,0.1174,-0.00359653,0.000611826,4.14725e-09,5.6030600000000005e-05,0.00036569300000000005,0.8782270000000001,-0.00039622800000000004,0.00022784,0.08199930000000001
4,rs10623258,0.0354,0.0063,2.26402e-08,0.02171,0.01323,0.10099999999999999,-0.000375932,0.000492177,0.444978,8.90259e-05,0.000294164,0.762163,,,
5,rs10760444,-0.0358,0.0062,9.05607e-09,0.01816,0.01329,0.1719,0.000505694,0.000492864,0.30487800000000004,0.00042125,0.00029457400000000003,0.15270899999999998,-0.000143209,0.000184161,0.44
6,rs10885405,0.0465,0.0062,5.43626e-14,-0.025830000000000002,0.01318,0.050070300000000005,0.0005024609999999999,0.000489731,0.30489499999999997,-0.00032139,0.000292701,0.27219899999999997,-0.00036303400000000003,0.000183008,0.04700019999999999
7,rs10941679,0.1278,0.0071,5.6078999999999994e-73,-0.01525,0.01517,0.3149,-0.00112062,0.0005671280000000001,0.048160400000000006,0.00020533900000000002,0.00033896199999999994,0.544656,-0.00014181100000000001,0.000212109,0.5
8,rs10962474,-0.0069,0.013999999999999999,0.6227,0.004907,0.03075,0.8732,-0.00779601,0.00108503,6.72977e-13,-0.000269967,0.000648543,0.677216,,,
9,rs10962691,0.015,0.0076,0.0497096,-0.2133,0.016980000000000002,1.72783e-36,-0.00169812,0.0006149080000000001,0.00575254,0.00037161400000000004,0.000367521,0.31195100000000003,-0.00029832599999999996,0.000229956,0.19
10,rs10965219,-0.0311,0.0062,5.214950000000001e-07,0.006236,0.01325,0.637901,-0.00426228,0.000489124,2.94239e-18,-0.000190547,0.000292369,0.514574,0.000254114,0.00018262900000000002,0.16
11,rs10978911,0.0839,0.0091,2.35776e-20,0.007644,0.019219999999999998,0.6907989999999999,0.000331248,0.0007465789999999999,0.657267,0.00047539,0.00044621300000000005,0.28670100000000004,0.000259018,0.000276807,0.35
12,rs10995201,-0.1317,0.0087,1.5570399999999997e-51,-0.011590000000000001,0.01823,0.5248,0.000525616,0.000698576,0.451805,0.000754586,0.000417522,0.0707164,-0.00041583099999999997,0.000260675,0.11
13,rs110419,0.0002,0.0066,0.9726,-0.004609,0.01354,0.733599,-0.00013798600000000002,0.00048948,0.7780189999999999,2.98691e-05,0.000292552,0.9186790000000001,-2.49242e-06,0.000177375,0.99
14,rs11117758,-0.0449,0.0076,3.90301e-09,0.012980000000000002,0.01618,0.4223,-0.00034631800000000003,0.000602586,0.565481,0.000348974,0.000360152,0.33256399999999997,5.51541e-05,0.000225159,0.81
15,rs11135046,-0.0717,0.0062,4.68058e-31,-0.01149,0.01329,0.3872,-0.000427058,0.000491236,0.384654,0.0005014290000000001,0.00029360000000000003,0.0876617,-0.000148463,0.0001836,0.42
16,rs11205303,0.0497,0.0064,1.1389399999999998e-14,-0.0053289999999999995,0.01351,0.6933,0.000467915,0.000497651,0.347091,-0.000144847,0.000297436,0.626268,6.260409999999999e-05,0.000186108,0.74
17,rs1121948,0.0575,0.0077,7.4817e-14,0.02938,0.01618,0.06951039999999999,0.000211162,0.000614902,0.731292,9.916709999999999e-05,0.000367514,0.787289,6.10235e-05,0.00022851799999999998,0.79
18,rs11249433,0.0988,0.0065,1.75995e-52,0.003782,0.01342,0.778001,-0.00054477,0.00049614,0.272198,6.0179499999999995e-05,0.000296533,0.8391790000000001,0.00011393,0.000185308,0.54
19,rs1126809,-0.0054,0.006999999999999999,0.4437,0.02913,0.0148,0.0489903,0.00624,0.000530795,6.671139999999999e-32,-1.8938199999999998e-05,0.000317306,0.952407,0.00172169,0.000198512,4.199519999999999e-18
20,rs11379664,0.2211,0.0063,9.999999999999995e-201,-0.0206,0.013269999999999999,0.1206,-0.000432066,0.000495335,0.38306100000000004,-0.000410985,0.000296051,0.165069,,,
21,rs11462858,-0.0471,0.0067,2.0859299999999998e-12,0.009706999999999999,0.01415,0.4928,-0.00048878,0.0005298540000000001,0.356279,-0.000395283,0.000316682,0.211957,,,
22,rs115478735,0.0412,0.0078,1.39499e-07,0.09941,0.01672,2.80098e-09,-0.0005848180000000001,0.000632129,0.354885,0.000179551,0.00037781,0.6346149999999999,7.64814e-05,0.00022400000000000002,0.73
23,rs11571833,0.2727,0.0346,3.10027e-15,0.1841,0.06702000000000001,0.00601506,0.00686939,0.00253533,0.00673954,0.00167849,0.00151532,0.26800100000000004,,,
24,rs11583393,-0.0396,0.0072,3.61102e-08,0.010920000000000001,0.015309999999999999,0.4759,0.000187874,0.000572857,0.742942,-0.000147344,0.000342384,0.6669430000000001,0.000257217,0.000214372,0.23
25,rs11611584,,,,,,,0.00798646,0.000859709,1.55489e-20,-0.00083321,0.000513889,0.10493699999999999,,,
26,rs11624333,-0.0968,0.0071,6.5013e-42,0.01648,0.01499,0.2715,-0.000259333,0.000545775,0.63467,-0.000136945,0.000326198,0.674615,0.00010509899999999999,0.00020447,0.61
27,rs11672660,0.0472,0.008,4.12601e-09,-0.0221,0.01683,0.1892,0.000399183,0.000617884,0.5182479999999999,-9.829649999999999e-05,0.00036929599999999997,0.7901050000000001,0.000199802,0.00023038599999999999,0.39
28,rs11684853,-0.0442,0.0062,1.11712e-12,0.001036,0.013280000000000002,0.9378,0.000879969,0.000491392,0.07333139999999999,0.000335499,0.000293695,0.253314,4.36261e-05,0.00018336400000000002,0.81
29,rs117618124,-0.1074,0.0156,5.45758e-12,0.003054,0.03159,0.9229999999999999,-0.00169082,0.00118847,0.154828,0.0006888069999999999,0.0007103239999999999,0.332192,,,
30,rs117737783,0.0747,0.0127,4.03097e-09,0.001853,0.026719999999999997,0.9447,-0.00107383,0.0009318760000000001,0.249185,-0.000666965,0.0005569619999999999,0.23110999999999998,,,
31,rs117744081,-0.0216,0.0217,0.3212,0.03415,0.043089999999999996,0.4281,-0.00899444,0.00138189,7.58578e-11,-0.000432321,0.0008259760000000001,0.600692,,,
32,rs11782652,0.0217,0.0122,0.0758298,0.1524,0.02508,1.2510099999999998e-09,0.00229327,0.0009579219999999999,0.0166659,-0.000412074,0.0005725330000000001,0.471686,,,
33,rs11822830,0.0483,0.0063,1.9829e-14,-0.008437,0.01348,0.5315,-0.000678934,0.00049666,0.171626,8.91442e-05,0.000296844,0.763943,1.15908e-06,0.000185739,1.0
34,rs11903787,-0.0451,0.0076,2.3640100000000004e-09,0.017509999999999998,0.01575,0.2663,-0.000383361,0.000582125,0.510182,-9.24075e-05,0.000347924,0.790549,9.53023e-05,0.000216557,0.66
35,rs11977670,0.0522,0.0063,1.0480899999999999e-16,-0.016819999999999998,0.013269999999999999,0.2047,-0.000391309,0.000493844,0.42814300000000005,-9.32862e-06,0.00029516,0.9747870000000001,1.2013199999999999e-05,0.00018454799999999998,0.95
36,rs12207986,0.0375,0.0062,1.4500099999999998e-09,-0.018930000000000002,0.01321,0.1517,-0.0006688919999999999,0.000492293,0.174233,-0.00018947900000000002,0.00029423299999999997,0.519591,0.00021350700000000001,0.00018340900000000002,0.24
37,rs12250948,-0.0576,0.0074,1.0361e-14,-0.02121,0.01602,0.1856,-0.000795928,0.000601826,0.185995,0.000557568,0.00035969800000000004,0.121118,-0.00010701299999999999,0.00022427299999999999,0.630001
38,rs1230666,-0.0592,0.0095,3.86696e-10,-0.02475,0.02001,0.2162,0.00271862,0.0006895730000000001,8.06603e-05,8.525469999999999e-05,0.000412151,0.836125,0.00023852299999999998,0.000259004,0.36
39,rs12479355,-0.0426,0.0076,2.35798e-08,-0.003803,0.016319999999999998,0.8158,-0.000570119,0.0006062730000000001,0.34703,-4.8686e-05,0.00036235699999999995,0.893119,-0.000216135,0.00022616900000000002,0.34
40,rs12487185,0.045,0.0066,1.20587e-11,0.01025,0.0143,0.4734,-0.000759404,0.00052848,0.15073,0.00035916400000000003,0.00031586099999999996,0.255499,-0.000169865,0.00019763900000000002,0.39
41,rs12509782,0.0091,0.0086,0.2865,0.020919999999999998,0.01818,0.2498,0.00373428,0.000681602,4.2878499999999996e-08,-0.000685866,0.000407394,0.0922699,-1.27491e-06,0.000254786,1.0
42,rs12513872,0.0413,0.0073,1.4639999999999999e-08,0.0006807,0.015269999999999999,0.9644,-0.000857931,0.000571079,0.133021,-0.000228977,0.00034132199999999997,0.502314,-5.10488e-05,0.000213416,0.81
43,rs12519859,0.0365,0.0063,5.76806e-09,0.01491,0.01318,0.2581,-0.0008131039999999999,0.000489379,0.096614,0.00030375599999999997,0.000292492,0.299032,1.9645999999999998e-05,0.00018299,0.91
44,rs12546444,-0.0717,0.011000000000000001,7.45418e-11,-0.005934,0.02267,0.7935,-0.00019365,0.000830325,0.815589,-4.2368500000000006e-05,0.000496267,0.9319639999999999,0.00011991200000000001,0.000311078,0.7
45,rs1268974,-0.0793,0.0063,3.71022e-36,-0.008091,0.01345,0.547599,-9.682270000000001e-05,0.000498941,0.846132,-0.00010293,0.00029820599999999997,0.7299720000000001,-9.73214e-05,0.00018658299999999999,0.6
46,rs12952824,-0.0049,0.0074,0.5118,0.1033,0.0157,4.91021e-11,-0.000637516,0.000588036,0.278302,-0.000193103,0.00035145699999999995,0.582707,7.29699e-05,0.000220056,0.74
47,rs12990503,-0.073,0.006999999999999999,9.990789999999999e-26,-0.01644,0.01499,0.2728,0.00115761,0.000554663,0.036885,-0.000727752,0.00033151,0.0281449,0.000179602,0.000207087,0.39
48,rs13043023,0.0037,0.0119,0.7579,0.008498,0.02423,0.7258,-0.00533834,0.000823145,8.86748e-11,0.000410118,0.000492004,0.404526,0.00010036,0.000308517,0.74
49,rs13066793,-0.0685,0.0112,1.037e-09,0.011090000000000001,0.02374,0.6404,-0.00038177800000000004,0.000853033,0.6544760000000001,0.00034107800000000003,0.000509839,0.503501,,,
50,rs13267382,-0.0437,0.0065,1.59514e-11,0.0008187000000000001,0.01378,0.9526,0.00107286,0.000516255,0.0376964,0.00021134099999999998,0.000308556,0.493385,-1.72962e-05,0.00019283,0.93
51,rs139372065,0.1,0.0373,0.00735005,0.1103,0.06942000000000001,0.1121,-0.00724657,0.00220134,0.000995245,0.00781074,0.00131565,2.90904e-09,,,
52,rs145053134,0.015,0.0109,0.1709,0.061279999999999994,0.02336,0.00870603,0.00679597,0.00082121,1.28292e-16,-7.83343e-05,0.000490866,0.873209,0.00203043,0.000308159,4.40048e-11
53,rs1498608,-0.0671,0.0107,3.48097e-10,0.03146,0.02215,0.1556,-0.0008666889999999999,0.000805677,0.28205,0.000683188,0.000481535,0.15596600000000002,-0.000527054,0.000302078,0.08100089999999999
54,rs1562314,-0.0055,0.0067,0.408,-0.1137,0.0144,2.88071e-15,-0.000654172,0.000535148,0.221552,0.000193223,0.000319847,0.545769,,,
55,rs157935,0.0021,0.0071,0.7701,-0.008672,0.015880000000000002,0.584901,-0.00441913,0.000533659,1.22744e-16,0.000627397,0.000318985,0.0492006,0.000209375,0.000199515,0.29
56,rs1685191,-0.0586,0.0064,3.87436e-20,-0.004908,0.01342,0.7146,-0.000141325,0.000490877,0.773421,0.000244299,0.00029338599999999997,0.405022,-0.000122531,0.00018365400000000003,0.5
57,rs16891982,-0.0289,0.0131,0.027200099999999998,-0.01488,0.03213,0.6434,0.0166405,0.0016334,2.26778e-24,-0.0005789969999999999,0.0009763860000000001,0.553181,,,
58,rs16991615,0.0758,0.0126,1.91699e-09,0.04715,0.02675,0.07799919999999999,0.000407794,0.000991334,0.680809,0.00171305,0.000592492,0.00383725,,,
59,rs1707302,0.0364,0.0066,2.94802e-08,-0.01015,0.013940000000000001,0.4664,0.00083546,0.000519122,0.10753599999999999,-0.000861368,0.00031026599999999996,0.00549971,0.000149122,0.000194185,0.44
60,rs170801,-0.0591,0.006999999999999999,3.1746799999999995e-17,-0.004913,0.01464,0.7371989999999999,-7.53422e-05,0.000542125,0.8894690000000001,0.00032203,0.000324016,0.320287,-0.00034962400000000004,0.00020277400000000002,0.0850002
61,rs17156577,0.0578,0.0098,4.246e-09,0.02015,0.02054,0.3266,-7.24913e-05,0.000780025,0.925956,-0.000994165,0.00046620099999999996,0.032967800000000005,0.0005412430000000001,0.00029099599999999996,0.0629999
62,rs17185310,0.0395,0.0069,8.701020000000001e-09,-0.0006819,0.01439,0.9622,0.0011054,0.000536383,0.03931880000000001,-0.00012349,0.000320586,0.70009,0.000113558,0.00020009799999999998,0.57
63,rs17268829,0.0495,0.0068,4.4895200000000006e-13,-0.001846,0.0147,0.9,-6.80076e-05,0.0005347290000000001,0.898797,-0.000197835,0.000319595,0.535905,3.5472199999999996e-05,0.00019984,0.86
64,rs17426269,0.0487,0.0086,1.74201e-08,0.007589,0.01849,0.6815,-0.00136409,0.000682161,0.0455386,0.000400154,0.000407715,0.326368,-0.000194973,0.000255113,0.44
65,rs1778523,-0.0384,0.0066,7.55405e-09,0.01014,0.0138,0.4624,-0.000202883,0.000510458,0.691033,9.53101e-05,0.00030509,0.754738,-0.000208285,0.00019087099999999998,0.28
66,rs1800440,-0.0079,0.008,0.3195,0.005445,0.017,0.7488,-0.00390759,0.00062799,4.90219e-10,1.58101e-05,0.000375356,0.966403,-0.000699557,0.000234463,0.00280001
67,rs1805007,-0.0167,0.012,0.1631,0.025730000000000003,0.024880000000000003,0.3012,0.0150988,0.000795604,2.8516699999999996e-80,-0.00018120200000000002,0.00047575199999999997,0.703296,0.00386845,0.000299844,4.40048e-38
68,rs1973765,-0.0817,0.0064,9.705099999999999e-38,0.01284,0.01347,0.3405,-0.00016198700000000002,0.000503933,0.747873,-0.00037213400000000004,0.000301189,0.216627,6.316939999999999e-05,0.000188218,0.74
69,rs1985742,0.0588,0.0065,8.096550000000001e-20,0.01005,0.01379,0.4664,-0.00038783199999999996,0.000509606,0.446632,-0.00039814,0.00030458,0.191154,0.000269467,0.000190195,0.16
70,rs2016394,-0.0425,0.0062,6.23448e-12,0.005118999999999999,0.01316,0.6973010000000001,0.000120054,0.000489517,0.8062630000000001,-9.19955e-05,0.000292573,0.7531909999999999,2.96745e-05,0.00018298400000000002,0.87
71,rs204295,0.0026,0.0065,0.6851,0.0072569999999999996,0.013580000000000002,0.593,0.00320222,0.000492818,8.16206e-11,0.00023788,0.00029456400000000003,0.41934,9.95848e-06,0.000184122,0.96
72,rs214803,0.0039,0.0092,0.6770010000000001,-0.0013449999999999998,0.018080000000000002,0.9407,-0.00774366,0.000635763,4.02995e-34,0.000994626,0.000380056,0.00886972,-0.000101786,0.000237295,0.67
73,rs2151280,-0.0317,0.0062,3.26197e-07,0.005827000000000001,0.01324,0.66,-0.00409925,0.000489931,5.93198e-17,-0.00019904900000000002,0.00029284900000000003,0.496698,0.00021506599999999998,0.00018296599999999998,0.24
74,rs2253012,0.0433,0.0065,3.1268e-11,0.001771,0.01347,0.8954,-0.000559755,0.00049339,0.256583,4.8550699999999996e-05,0.000294889,0.8692270000000001,0.00021058400000000002,0.000184465,0.25
75,rs2403907,-0.0796,0.0067,1.8681e-32,-0.0020050000000000003,0.014169999999999999,0.8875,0.000950107,0.000527592,0.0717299,7.05636e-05,0.00031533099999999997,0.822932,-3.49223e-05,0.000197133,0.86
76,rs2432539,-0.0349,0.0064,4.023e-08,-0.0036299999999999995,0.01354,0.7886,-3.1911e-05,0.000499485,0.94906,2.04005e-05,0.000298531,0.9455180000000001,5.1364300000000006e-05,0.00018677,0.780001
77,rs2506889,-0.0615,0.0067,2.38177e-20,-0.009728,0.01415,0.4917,-0.00101773,0.000519277,0.0500092,-0.00020627900000000002,0.000310362,0.5062810000000001,-0.00034514,0.000194318,0.0759994
78,rs2736100,-0.0011,0.0063,0.8549,-0.05823,0.0132,1.01501e-05,-0.0032196999999999994,0.000489231,4.675199999999999e-11,0.00100376,0.000292415,0.000597751,4.56139e-05,0.000182746,0.8
79,rs2747652,0.0663,0.0062,1.3070699999999998e-26,0.009016,0.01316,0.4931,0.000225628,0.000489747,0.645012,-0.000214025,0.00029271099999999997,0.464668,2.01297e-05,0.000182991,0.91
80,rs2787486,-0.0758,0.0068,5.56416e-29,-0.028210000000000002,0.01432,0.0488101,0.00020030000000000002,0.000528034,0.704442,-0.000449476,0.00031559299999999997,0.154382,-0.00018398,0.000197386,0.35
81,rs2849699,-0.0082,0.0074,0.2683,0.002587,0.015780000000000002,0.8698,-0.00410876,0.000525719,5.48909e-15,5.52146e-05,0.00031423700000000003,0.8605219999999999,-0.00026703,0.000196196,0.17
82,rs28512361,0.0611,0.0109,2.249e-08,-0.007917,0.02197,0.7186,-0.00164052,0.00079395,0.0388034,-0.000613294,0.00047452800000000005,0.196209,-0.00018767599999999998,0.000296523,0.53
83,rs2853669,-0.0651,0.0069,4.0466900000000006e-21,-0.02617,0.014369999999999999,0.0686404,0.00376645,0.000526852,8.75992e-13,-0.00123178,0.000314904,9.16959e-05,-0.0005735240000000001,0.00019691,0.00359998
84,rs2853677,0.0267,0.0064,3.0010300000000003e-05,-0.06321,0.01341,2.43299e-06,-0.00434379,0.0004947490000000001,1.64475e-18,0.000962764,0.000295728,0.00113175,-0.00016696599999999997,0.000184782,0.37
85,rs2965183,0.0445,0.0065,6.31393e-12,0.034839999999999996,0.0138,0.01158,-0.000371846,0.000511214,0.466995,0.000468063,0.000305541,0.12554400000000002,-0.00017901,0.00019078200000000002,0.35
86,rs2992756,-0.0506,0.0063,1.6039799999999999e-15,0.01684,0.01335,0.207,-0.00031508400000000003,0.00048825400000000003,0.518714,1.66447e-05,0.000291819,0.954515,6.24375e-05,0.000182582,0.73
87,rs3087243,0.002,0.0063,0.752,0.013880000000000002,0.013519999999999999,0.3046,0.00355851,0.000491376,4.432e-13,-0.000269547,0.000293705,0.35875300000000004,0.000216715,0.00018346400000000002,0.24
88,rs332529,-0.0606,0.0089,9.01571e-12,0.017169999999999998,0.01825,0.3469,0.000511026,0.000687111,0.45703900000000003,-6.01795e-06,0.00041067199999999995,0.988308,0.00025751,0.000255446,0.31
89,rs340797,-0.0024,0.0106,0.8182,0.01342,0.02156,0.5337,-0.00668185,0.00079973,6.558430000000001e-17,0.000686525,0.000478026,0.150956,-3.9172e-05,0.00029664,0.89
90,rs34195518,0.0611,0.0096,2.0140000000000002e-10,0.006344,0.02018,0.753199,0.00249531,0.000745545,0.0008171089999999999,-0.000235194,0.00044560300000000004,0.597631,,,
91,rs35063026,-0.0145,0.012,0.2247,0.001632,0.02496,0.9479,0.0147282,0.000811218,1.2493999999999998e-73,-0.00012900299999999998,0.000485068,0.79028,0.00404767,0.000305679,5.00035e-40
92,rs35251485,-0.0086,0.0139,0.534101,-0.005688,0.030869999999999998,0.8538,-0.00975552,0.00101604,7.926839999999999e-22,-0.00137925,0.000607339,0.023149400000000004,,,
93,rs35383942,0.10099999999999999,0.0139,3.79315e-13,-0.07658,0.03005,0.0107399,-1.96455e-05,0.00100187,0.984355,-0.000338209,0.000598794,0.572199,,,
94,rs35910339,0.0462,0.0067,5.40879e-12,-0.01325,0.0142,0.35100000000000003,-0.00113933,0.000524739,0.0299137,0.000123944,0.000313627,0.6927,-0.000278999,0.000196181,0.15
95,rs35961416,-0.0417,0.0066,2.712e-10,0.01425,0.01378,0.301,0.000551114,0.000526085,0.294835,-0.000160171,0.00031443,0.610472,,,
96,rs36019446,-0.0005,0.0063,0.9408,-0.006145,0.013369999999999998,0.6457,-0.00370561,0.000491094,4.5112800000000004e-14,3.22106e-05,0.000293539,0.9126219999999999,,,
97,rs3769821,-0.0565,0.0065,3.96917e-18,-0.02968,0.013980000000000001,0.0337404,-0.0055905,0.000527072,2.7983400000000004e-26,-0.000704913,0.000315067,0.025264500000000002,-0.00054423,0.00019632299999999998,0.00560003
98,rs3778607,0.006,0.0063,0.3354,0.003062,0.01323,0.8170000000000001,0.00452514,0.000492415,3.9591300000000003e-20,-0.00065164,0.000294338,0.0268349,0.000151685,0.000182808,0.41
99,rs3821902,0.0623,0.0089,2.9902e-12,0.02781,0.01914,0.1462,0.00039578,0.000703035,0.573462,-6.76782e-05,0.000420189,0.872041,-0.000527598,0.00026309900000000004,0.0449997
100,rs3903072,-0.0434,0.0062,2.2542400000000003e-12,0.002601,0.013130000000000001,0.8429,-0.00234024,0.00048978,1.76995e-06,3.47305e-05,0.00029274,0.9055610000000001,-0.000335826,0.000183096,0.06699930000000001
101,rs4081859,0.0521,0.0073,7.0762e-13,-0.008454999999999999,0.015269999999999999,0.5797,0.0009159260000000001,0.000563196,0.103887,-0.00011309200000000001,0.000336611,0.736892,1.98514e-05,0.000210142,0.92
102,rs418053,-0.0465,0.0063,1.19509e-13,-0.03185,0.013309999999999999,0.0167101,0.000735035,0.000494431,0.137114,-0.000408338,0.000295511,0.167033,-0.000195884,0.00018471200000000002,0.29
103,rs421284,0.0038,0.0062,0.5446,-0.0173,0.01325,0.1914,-0.00382973,0.00049232,7.331619999999999e-15,0.000532613,0.000294272,0.0703072,0.00109723,0.000183945,2.39999e-09
104,rs4233486,0.0396,0.0069,9.08511e-09,0.01365,0.014209999999999999,0.3367,-0.000444729,0.000517975,0.39056599999999997,-0.000267065,0.00030958200000000003,0.38832300000000003,0.000345252,0.000193437,0.0739997
105,rs4286946,-0.0799,0.0083,8.62581e-22,0.0006617000000000001,0.017130000000000003,0.9692,0.000243155,0.000659071,0.712175,0.000751525,0.000393911,0.0564105,0.000297392,0.000244272,0.22
106,rs4442975,-0.1274,0.0061,1.1399899999999999e-95,-0.007201999999999999,0.01315,0.584,0.000806505,0.0004907609999999999,0.10030599999999999,-0.000355734,0.000293318,0.22521,-5.68667e-05,0.000183306,0.760001
107,rs4449583,0.0353,0.0067,1.67201e-07,0.0976,0.01426,7.7589e-12,0.0017491,0.000523011,0.0008250489999999999,-0.000550707,0.000312596,0.0781178,0.00019135200000000002,0.000195262,0.33
108,rs4496150,-0.0416,0.0072,8.09096e-09,-0.003994,0.01517,0.792301,0.000283358,0.000573031,0.620961,0.00026416,0.000342488,0.44053100000000006,-0.00021867700000000002,0.00021387,0.31
109,rs4532479,0.0046,0.0071,0.519501,0.0031620000000000003,0.01465,0.8291,0.00204837,0.000553225,0.000213427,-0.000693519,0.00044226300000000003,0.116855,-6.28484e-05,0.00020584599999999998,0.760001
110,rs4532479,0.0046,0.0071,0.519501,0.0031620000000000003,0.01465,0.8291,0.00614661,0.0007399010000000001,9.81974e-17,0.00016742299999999999,0.000330657,0.612621,-6.28484e-05,0.00020584599999999998,0.760001
111,rs4532479,0.0046,0.0071,0.519501,0.0031620000000000003,0.01465,0.8291,0.00614661,0.0007399010000000001,9.81974e-17,0.00016742299999999999,0.000330657,0.612621,0.00060522,0.000277453,0.029000099999999997
112,rs4532479,0.0046,0.0071,0.519501,0.0031620000000000003,0.01465,0.8291,0.00614661,0.0007399010000000001,9.81974e-17,-0.000693519,0.00044226300000000003,0.116855,0.00060522,0.000277453,0.029000099999999997
113,rs4532479,0.0046,0.0071,0.519501,0.0031620000000000003,0.01465,0.8291,0.00204837,0.000553225,0.000213427,0.00016742299999999999,0.000330657,0.612621,-6.28484e-05,0.00020584599999999998,0.760001
114,rs4532479,0.0046,0.0071,0.519501,0.0031620000000000003,0.01465,0.8291,0.00204837,0.000553225,0.000213427,-0.000693519,0.00044226300000000003,0.116855,-6.28484e-05,0.00020584599999999998,0.760001
115,rs4532479,0.0046,0.0071,0.519501,0.0031620000000000003,0.01465,0.8291,0.00204837,0.000553225,0.000213427,-0.000693519,0.00044226300000000003,0.116855,0.00060522,0.000277453,0.029000099999999997
116,rs4532479,0.0046,0.0071,0.519501,0.0031620000000000003,0.01465,0.8291,0.00614661,0.0007399010000000001,9.81974e-17,0.00016742299999999999,0.000330657,0.612621,-6.28484e-05,0.00020584599999999998,0.760001
117,rs4532479,0.0046,0.0071,0.519501,0.0031620000000000003,0.01465,0.8291,0.00614661,0.0007399010000000001,9.81974e-17,0.00016742299999999999,0.000330657,0.612621,0.00060522,0.000277453,0.029000099999999997
118,rs4532479,0.0046,0.0071,0.519501,0.0031620000000000003,0.01465,0.8291,0.00614661,0.0007399010000000001,9.81974e-17,-0.000693519,0.00044226300000000003,0.116855,0.00060522,0.000277453,0.029000099999999997
119,rs4532479,0.0046,0.0071,0.519501,0.0031620000000000003,0.01465,0.8291,0.00204837,0.000553225,0.000213427,0.00016742299999999999,0.000330657,0.612621,-6.28484e-05,0.00020584599999999998,0.760001
120,rs4532479,0.0046,0.0071,0.519501,0.0031620000000000003,0.01465,0.8291,0.00204837,0.000553225,0.000213427,0.00016742299999999999,0.000330657,0.612621,0.00060522,0.000277453,0.029000099999999997
121,rs4532479,0.0046,0.0071,0.519501,0.0031620000000000003,0.01465,0.8291,0.00614661,0.0007399010000000001,9.81974e-17,-0.000693519,0.00044226300000000003,0.116855,-6.28484e-05,0.00020584599999999998,0.760001
122,rs4532479,0.0046,0.0071,0.519501,0.0031620000000000003,0.01465,0.8291,0.00204837,0.000553225,0.000213427,0.00016742299999999999,0.000330657,0.612621,0.00060522,0.000277453,0.029000099999999997
123,rs4532479,0.0046,0.0071,0.519501,0.0031620000000000003,0.01465,0.8291,0.00614661,0.0007399010000000001,9.81974e-17,-0.000693519,0.00044226300000000003,0.116855,-6.28484e-05,0.00020584599999999998,0.760001
124,rs4532479,0.0046,0.0071,0.519501,0.0031620000000000003,0.01465,0.8291,0.00204837,0.000553225,0.000213427,-0.000693519,0.00044226300000000003,0.116855,0.00060522,0.000277453,0.029000099999999997
125,rs4562056,0.0416,0.0067,4.719e-10,0.0036869999999999997,0.01402,0.7926,-0.000938696,0.000515148,0.06842739999999999,-0.000163006,0.000307894,0.596512,-0.00016747599999999998,0.000192245,0.38
126,rs4702131,-0.0424,0.0062,1.00207e-11,-0.03318,0.013269999999999999,0.012440000000000001,-0.00026053,0.0004927590000000001,0.597004,-0.00033827300000000005,0.00029451099999999996,0.250725,0.000160824,0.00018424400000000002,0.38
127,rs4712653,-0.0178,0.0063,0.00436697,0.002333,0.01326,0.8604,-0.00133815,0.000490227,0.00634045,0.000176102,0.000293001,0.547821,-7.469659999999999e-05,0.00018318700000000002,0.68
128,rs4784227,0.2153,0.0071,9.999999999999995e-201,-0.009053,0.01535,0.5554,0.000192735,0.000572375,0.736322,-7.29517e-05,0.000342096,0.831133,0.00010405299999999999,0.00021364099999999998,0.630001
129,rs479777,-0.0062,0.0066,0.3455,0.019180000000000003,0.01402,0.1713,0.00318805,0.00051601,6.487990000000001e-10,0.000248673,0.000308424,0.420088,0.000295117,0.000192845,0.13
130,rs4808075,0.0383,0.0067,1.3240100000000002e-08,0.1224,0.014369999999999999,1.5388599999999998e-17,0.00227191,0.0005363869999999999,2.28018e-05,-0.000104307,0.000320595,0.7449140000000001,0.00021370900000000002,0.000200588,0.29
131,rs4820318,-0.0475,0.0064,1.0299100000000001e-13,-0.01132,0.013519999999999999,0.4024,-0.00107845,0.0005036530000000001,0.0322537,-0.000211228,0.000301024,0.482868,-0.000595643,0.00018837599999999997,0.0016
132,rs4848599,0.0933,0.01,1.58489e-20,-0.0055049999999999995,0.02049,0.788199,0.000871931,0.00077113,0.25817399999999996,0.0005218719999999999,0.000460888,0.25750100000000004,0.0007078119999999999,0.000286473,0.0129999
133,rs4971059,0.0424,0.0064,4.82503e-11,0.004712,0.013730000000000001,0.731499,-0.000969515,0.000508532,0.0565861,-0.000386,0.00030393900000000003,0.20408800000000002,0.000280494,0.00019022400000000001,0.14
134,rs527616,0.0499,0.0064,6.70039e-15,-0.02035,0.013609999999999999,0.1347,-0.00115898,0.000543339,0.03292,0.000531779,0.000324742,0.101518,-7.422220000000001e-05,0.00020311,0.7099989999999999
135,rs532436,0.0431,0.0078,2.90603e-08,0.09608,0.0166,7.279979999999999e-09,-0.000578996,0.000631055,0.358879,0.000155829,0.00037716800000000005,0.679491,0.00011611700000000001,0.000234938,0.62
136,rs55775505,-0.006,0.008,0.45210100000000003,0.006370000000000001,0.01583,0.687401,0.00288632,0.000527322,4.41418e-08,0.00022867299999999998,0.000315182,0.468129,0.000436317,0.000196895,0.026999799999999997
137,rs56013747,-0.0497,0.009000000000000001,3.73801e-08,0.020130000000000002,0.018019999999999998,0.2641,-0.0018427,0.00062854,0.00337116,-0.00011699,0.000375669,0.755484,-6.28557e-05,0.000235862,0.79
138,rs56077333,0.0078,0.0065,0.2342,0.023809999999999998,0.013980000000000001,0.0886196,-0.000354156,0.000523516,0.498726,-0.000256296,0.00031289400000000003,0.412721,-0.00024484,0.000195457,0.21
139,rs56387622,-0.0942,0.0106,5.465120000000001e-19,-0.007918000000000001,0.021830000000000002,0.716901,-0.000472492,0.000825474,0.567059,2.32888e-05,0.000493368,0.9623510000000001,-9.982e-06,0.000306135,0.97
140,rs56891541,0.0535,0.0072,8.98669e-14,-0.0328,0.015359999999999999,0.032759699999999996,-0.000320813,0.000569254,0.573049,0.000630376,0.000340229,0.0639116,,,
141,rs56971155,-0.0424,0.0064,3.62577e-11,0.007245000000000001,0.01346,0.5904,7.44665e-05,0.00049823,0.8811889999999999,0.000615361,0.00029778,0.038782,-2.8768000000000003e-05,0.000186236,0.88
142,rs57212245,-0.0652,0.0119,4.08903e-08,-0.0124,0.02516,0.6221,-0.00087498,0.000954392,0.35925100000000004,-0.000505025,0.000570419,0.37596399999999996,,,
143,rs58058861,0.0474,0.0074,1.907e-10,0.02226,0.01616,0.1685,-0.00148837,0.000590458,0.0117125,-4.89253e-05,0.00035290699999999996,0.889739,-0.000174909,0.000221108,0.43
144,rs5995875,0.1206,0.0098,9.038579999999998e-35,-0.0004718999999999999,0.0213,0.9823,-0.000646285,0.0008180189999999999,0.429492,0.000265132,0.000488912,0.587619,0.000109774,0.000304883,0.719999
145,rs5997389,0.0791,0.0108,2.19079e-13,-0.0992,0.02398,3.40596e-05,-0.000359956,0.000896987,0.688204,0.0004891769999999999,0.000536109,0.361528,,,
146,rs6010620,-0.0132,0.0073,0.0733297,-0.03157,0.01564,0.04348,-0.00092984,0.000565803,0.100302,-0.000835288,0.00033816699999999995,0.0135101,-0.000285885,0.000211748,0.18
147,rs6059655,-0.0403,0.0119,0.0007090060000000001,-0.03191,0.02515,0.2047,-0.0118086,0.0008111189999999999,5.3284400000000005e-48,0.00036591699999999995,0.00048493,0.450504,-0.00247048,0.00030574599999999997,6.4998e-16
148,rs60954078,0.1817,0.0117,2.8398799999999997e-54,-0.0043,0.02562,0.8667,-0.00165448,0.000948355,0.08105880000000001,-0.000657844,0.000566812,0.245804,,,
149,rs60960598,0.0218,0.0066,0.0009302939999999999,0.001696,0.013909999999999999,0.903,0.00622173,0.000507679,1.60029e-34,-0.000175561,0.000303492,0.5629460000000001,,,
150,rs6122906,0.0507,0.008,2.44698e-10,0.004966,0.016919999999999998,0.7691,-8.85624e-05,0.0006150940000000001,0.8855149999999999,0.00037331699999999996,0.00036762800000000005,0.30988000000000004,0.000325944,0.000229872,0.16
151,rs62048402,-0.0624,0.0063,3.5002600000000004e-23,0.020630000000000003,0.013330000000000002,0.1219,-0.000302509,0.000498557,0.544004,-0.000254683,0.000297976,0.392714,5.689389999999999e-06,0.000186107,0.98
152,rs62052673,-0.0286,0.0134,0.03304,-0.000695,0.02721,0.9796,-0.00718799,0.0009408610000000001,2.18072e-14,4.271e-05,0.000562377,0.9394620000000001,,,
153,rs62202837,-0.003,0.0082,0.7142,-0.01595,0.01636,0.3295,-0.00452154,0.000573874,3.30979e-15,-0.000157302,0.00034302199999999996,0.646536,-0.0003356,0.000214833,0.12
154,rs62209647,0.0454,0.0119,0.000143599,0.022869999999999998,0.024659999999999998,0.3539,0.0116352,0.000824428,3.2441399999999996e-45,-0.000342713,0.000492878,0.48685,0.00260519,0.000310807,5.19996e-17
155,rs62237573,0.4256,0.034,6.87385e-36,0.01192,0.07393999999999999,0.8719,-0.000638866,0.00253847,0.801293,-0.0008541060000000001,0.00151718,0.573466,,,
156,rs62276619,0.0058,0.0144,0.684499,0.37,0.0284,5.53478e-39,0.000800464,0.00110615,0.469282,-0.00126801,0.0006611189999999999,0.055113800000000004,,,
157,rs62331150,0.0494,0.0074,1.84714e-11,-0.0006475,0.0159,0.9675,0.0012254000000000002,0.000607774,0.0437774,-0.0005205930000000001,0.00036325400000000003,0.151819,9.98332e-06,0.00022636099999999998,0.96
158,rs62355901,0.1734,0.0082,3.41979e-98,-0.0202,0.01805,0.2632,0.000219688,0.0006618430000000001,0.739941,0.000516835,0.000395568,0.191361,-0.000631539,0.000247194,0.0109999
159,rs62485509,-0.0545,0.0079,4.4514300000000006e-12,-0.03241,0.01635,0.047489800000000006,0.00135906,0.000611724,0.0263045,-0.00024994599999999997,0.000365616,0.49421099999999996,,,
160,rs62541919,-0.0163,0.0063,0.00944691,0.1276,0.01342,1.76685e-21,0.00355106,0.0005031090000000001,1.6892700000000001e-12,-0.000200594,0.000300718,0.504741,0.000574618,0.00018753,0.00219999
161,rs630965,0.0992,0.0064,3.207009999999999e-54,0.030080000000000003,0.013590000000000001,0.0268999,0.000275317,0.000503234,0.584314,-0.000261357,0.000300772,0.384872,-0.000139192,0.00018817900000000002,0.46
162,rs6472903,0.0778,0.0083,4.43302e-21,0.001254,0.01726,0.9421,-0.000917089,0.0006379669999999999,0.150572,-0.000230848,0.0003813,0.544896,-8.62253e-05,0.000238785,0.719999
163,rs6496746,-0.0528,0.0082,1.05099e-10,-0.095,0.01735,4.18398e-08,-0.0012984000000000001,0.000661515,0.049675199999999996,-0.000452574,0.000395375,0.252346,-0.00017418200000000002,0.000245844,0.48
164,rs6562760,0.0443,0.0073,1.493e-09,-0.01601,0.01549,0.3014,-0.00096337,0.000572304,0.0923145,-0.000448289,0.000342054,0.19,-0.000529573,0.000213533,0.0129999
165,rs6569648,0.0512,0.0073,2.97577e-12,0.007517,0.015580000000000002,0.6295,0.00134787,0.000570742,0.018196200000000003,0.000270597,0.00034112199999999996,0.42763,0.000152068,0.00021381200000000002,0.48
166,rs6596100,-0.0439,0.0076,7.74194e-09,-0.01684,0.015819999999999997,0.2873,-0.00154081,0.000575711,0.00744303,1.98848e-05,0.000344093,0.953917,-0.000366365,0.00021518900000000002,0.08900000000000001
167,rs6597981,0.0439,0.0062,1.34586e-12,-0.00648,0.01319,0.6233,0.00018472,0.000490803,0.7066479999999999,-0.00022238599999999998,0.000293342,0.448383,-0.000124972,0.00018323099999999998,0.5
168,rs66572733,0.095,0.0162,4.74198e-09,-0.01093,0.03545,0.7578010000000001,-0.00150999,0.00148568,0.309458,0.00138208,0.0008879589999999999,0.119598,,,
169,rs6679677,0.0584,0.0105,2.29499e-08,0.0371,0.0225,0.0992293,-0.00461595,0.0008047330000000001,9.7013e-09,-0.000127508,0.00048099300000000003,0.790937,-0.00038614300000000003,0.000302887,0.2
170,rs6707137,0.0003,0.0141,0.9844,0.04091,0.03036,0.1779,-0.00681998,0.00100553,1.18304e-11,0.00100751,0.000601018,0.0936742,,,
171,rs67087079,0.0527,0.0093,1.3230000000000002e-08,-0.00412,0.019790000000000002,0.8351,-0.00021134,0.000739352,0.774997,-0.000745737,0.000441893,0.09148919999999999,0.000525187,0.000276419,0.056999400000000006
172,rs6719014,-0.0562,0.0068,1.76889e-16,-0.03161,0.0146,0.030389999999999997,-0.00667006,0.000553862,2.14783e-33,-0.00063467,0.00033109599999999996,0.0552548,-0.000503896,0.000206403,0.015
173,rs6725517,-0.0468,0.0067,2.93022e-12,0.01344,0.01378,0.3295,-0.000935252,0.000493385,0.0580163,-0.000450149,0.000294886,0.126881,-0.000275202,0.00018433700000000002,0.14
174,rs6764416,-0.0274,0.0063,1.305e-05,0.03022,0.013380000000000001,0.023900099999999997,0.00432121,0.0004958709999999999,2.93495e-18,-0.000170652,0.000296402,0.564787,0.000114037,0.000185298,0.54
175,rs6787391,0.0567,0.0064,9.07403e-19,-0.0168,0.01374,0.2214,6.25011e-05,0.0005035209999999999,0.901214,-5.11694e-05,0.00030094299999999997,0.8649870000000001,0.000455228,0.00018833,0.016
176,rs68056147,0.0501,0.0069,5.36043e-13,-0.0117,0.01456,0.4215,0.000850341,0.000537301,0.11350999999999999,0.000205075,0.000321134,0.5230859999999999,7.28859e-05,0.000201155,0.719999
177,rs6815814,0.052000000000000005,0.0072,6.13056e-13,0.029789999999999997,0.0156,0.056160400000000006,0.000478303,0.000613866,0.435883,0.000179325,0.000366894,0.625009,-6.02102e-05,0.00022348,0.79
178,rs6882649,0.0388,0.0066,3.6719800000000004e-09,-0.00645,0.01401,0.6453,-0.00144824,0.0005274780000000001,0.00604046,5.294249999999999e-06,0.000315265,0.9866020000000001,,,
179,rs6983267,0.0145,0.0062,0.0187301,0.003636,0.01314,0.782,-0.00117383,0.0004886059999999999,0.016288499999999997,-0.00182377,0.000292015,4.2301900000000005e-10,-8.859999999999999e-05,0.000182639,0.630001
180,rs6989943,0.0067,0.0084,0.424,0.021769999999999998,0.01788,0.2234,-0.00578309,0.00067827,1.5174000000000003e-17,0.000155932,0.00040542800000000005,0.700527,-0.000341771,0.000252748,0.18
181,rs7072776,-0.0618,0.0068,1.74904e-19,-0.05799,0.01445,6.01105e-05,-0.000217985,0.000548487,0.691051,-0.000387652,0.000327818,0.237,-0.000440254,0.00020444400000000002,0.030999900000000004
182,rs7084454,0.0404,0.0066,9.09892e-10,0.08832999999999999,0.01395,2.4080200000000005e-10,0.000549494,0.000524146,0.29447399999999996,0.000214241,0.000313271,0.49404899999999996,0.000291122,0.000195402,0.14
183,rs71238846,-0.0427,0.0082,1.81101e-07,0.1269,0.01693,6.59022e-14,0.0004945559999999999,0.000629146,0.43182299999999996,0.000155141,0.00037602699999999997,0.679916,-0.000337815,0.000234872,0.15
184,rs7149262,-0.0724,0.0076,2.47116e-21,-0.02172,0.01611,0.1775,0.00087441,0.000600588,0.14541400000000002,0.000254053,0.000358959,0.479101,0.000404706,0.00022485299999999998,0.07199960000000001
185,rs71557345,-0.0806,0.0129,3.87097e-10,0.01715,0.02557,0.5024,0.000842918,0.000841741,0.316635,0.00018602400000000002,0.000503091,0.711561,0.000157783,0.000293627,0.59
186,rs71559437,-0.0686,0.0099,5.0501e-12,-0.033569999999999996,0.02001,0.09345010000000001,-0.00054866,0.000719363,0.445641,0.000778113,0.000429946,0.0703283,-0.00022386400000000002,0.000266668,0.4
187,rs7223535,-0.0439,0.006999999999999999,3.52899e-10,-0.07553,0.01484,3.4759999999999996e-07,5.19165e-05,0.000550186,0.9248219999999999,-3.6153199999999996e-06,0.000328834,0.9912280000000001,0.000135404,0.00020559700000000002,0.51
188,rs7258465,-0.0725,0.0066,2.78869e-28,0.001529,0.013909999999999999,0.9125,0.000129175,0.000512606,0.8010430000000001,-0.00040367699999999996,0.000306373,0.187638,0.000211318,0.000191737,0.27
189,rs72658071,0.1182,0.0107,2.57988e-28,-0.03445,0.0231,0.1359,0.000707718,0.000836292,0.397409,0.00038250199999999995,0.000499833,0.444117,,,
190,rs72725173,0.0559,0.0085,3.87525e-11,-0.02102,0.01786,0.2392,0.0009036039999999999,0.000672738,0.17921700000000002,3.6245900000000005e-05,0.00040208199999999995,0.9281719999999999,-0.000175685,0.000250257,0.48
191,rs72755295,0.1376,0.0179,1.6458900000000002e-14,-0.02797,0.03897,0.473,0.00504548,0.00136592,0.00022093299999999998,0.00105214,0.0008163939999999999,0.19748,,,
192,rs72847652,0.0073,0.0102,0.4761,-0.03092,0.02126,0.146,0.00616289,0.000772213,1.45781e-15,-0.000696585,0.000461574,0.131261,0.0005795840000000001,0.000275036,0.035000199999999995
193,rs72928038,-0.0164,0.0094,0.0805898,-0.026310000000000004,0.01942,0.1755,-0.00462671,0.000635116,3.22701e-13,2.8497e-05,0.00037962300000000005,0.940162,-0.000641986,0.00023841900000000002,0.00710003
194,rs73183643,-0.0143,0.0075,0.05604019999999999,0.013869999999999999,0.015590000000000001,0.3736,-0.00413562,0.000564895,2.46547e-13,0.000500983,0.00033765,0.13788,-0.00012896700000000001,0.00021161700000000002,0.54
195,rs73375000,0.0033,0.0092,0.7175,-0.1638,0.02023,4.577200000000001e-16,-0.000479425,0.0007252999999999999,0.508612,0.00034534400000000003,0.000433496,0.425655,-0.000450565,0.000271108,0.0969996
196,rs73949122,-0.0593,0.0084,1.84587e-12,-0.01807,0.017830000000000002,0.3107,1.33773e-05,0.000666829,0.9839950000000001,-0.00038579,0.000398549,0.333052,-0.000236916,0.00024853,0.34
197,rs74415461,0.0213,0.0119,0.07286010000000001,0.05038,0.025490000000000002,0.0481105,0.00854079,0.000869628,9.185440000000001e-23,-0.00024141,0.0005198269999999999,0.642358,,,
198,rs7500067,0.0785,0.0073,4.0644299999999994e-27,0.006285,0.015609999999999999,0.687299,-0.000251044,0.000589698,0.670317,5.76538e-05,0.00035245,0.8700620000000001,2.66093e-05,0.000219633,0.9
199,rs7587476,0.006999999999999999,0.0073,0.3403,0.006861,0.01542,0.656401,-0.000555546,0.000570324,0.330013,-0.00028706900000000004,0.00034087,0.39969699999999997,-0.000145788,0.000212898,0.49
200,rs7626742,0.1046,0.0062,1.6121299999999998e-63,0.008264,0.01326,0.5332,-0.00023187400000000002,0.000489766,0.6359,-0.000129054,0.00029272200000000003,0.659304,4.17047e-05,0.00018307,0.82
201,rs7650602,0.0489,0.0063,6.22444e-15,-0.008281,0.01339,0.5362,0.000225098,0.0004942480000000001,0.6487970000000001,0.000605733,0.00029539999999999997,0.040311599999999996,2.2742699999999998e-05,0.000184729,0.9
202,rs76798800,-0.0217,0.0071,0.002261,-0.007396,0.01516,0.6256,0.00308446,0.000552739,2.40254e-08,0.000425013,0.00033037400000000003,0.198283,0.000499507,0.00020704099999999999,0.016
203,rs76956704,0.1352,0.0182,1.27087e-13,0.015880000000000002,0.0406,0.6957,-0.00323857,0.00148243,0.0289161,0.000286826,0.00088602,0.746146,,,
204,rs7697216,0.1039,0.0098,1.6099000000000003e-26,0.043039999999999995,0.02054,0.036130199999999994,-0.000530793,0.000752895,0.48080900000000004,-9.12437e-05,0.00044998900000000003,0.839316,0.00029423599999999997,0.000282121,0.3
205,rs77476954,0.0161,0.0096,0.09424099999999999,0.004795000000000001,0.020630000000000003,0.8162,-0.00787965,0.0007590230000000001,3.04089e-25,-0.000276821,0.000453719,0.5417850000000001,-0.000422501,0.00028384,0.14
206,rs77528541,-0.0583,0.0096,1.414e-09,-0.030930000000000003,0.02014,0.1245,-0.00100769,0.000739095,0.172754,-3.22179e-05,0.00044174199999999996,0.941859,0.0005241180000000001,0.00027717299999999997,0.058999699999999995
207,rs77554484,-0.0741,0.0093,1.2841e-15,-0.09871,0.01977,5.73205e-07,-0.00137683,0.000730985,0.0596307,-0.00047765300000000003,0.000436895,0.27426799999999996,-0.00034481800000000005,0.000273468,0.21
208,rs78378222,0.0352,0.0289,0.2233,-0.1105,0.06444,0.0863993,0.0192692,0.00223761,7.23769e-18,0.00043542900000000004,0.00133751,0.7447630000000001,,,
209,rs78381082,-0.0611,0.0089,5.4275e-12,0.1302,0.01895,6.44169e-12,0.000985148,0.000696063,0.156977,0.00048503,0.000416022,0.24366500000000002,,,
210,rs78425380,0.0603,0.0099,1.0340000000000002e-09,0.01137,0.02087,0.5857,0.0018139,0.000804696,0.024188,0.0007202889999999999,0.00048095099999999997,0.134229,,,
211,rs78440108,-0.0595,0.0084,1.61808e-12,0.04513,0.017230000000000002,0.00882206,0.00153489,0.000642707,0.0169336,-0.00061315,0.000384134,0.110447,0.000786493,0.000240525,0.00109999
212,rs78540526,0.2758,0.0113,1.8113399999999996e-131,-0.047639999999999995,0.0254,0.0607505,-0.000549686,0.000951518,0.563472,0.000426066,0.000568701,0.453743,,,
213,rs7904249,0.0764,0.0084,6.98072e-20,-0.00985,0.018000000000000002,0.5841,-0.000946986,0.000672722,0.159223,-0.00044881300000000005,0.000402071,0.264315,0.00040134199999999995,0.000250889,0.11
214,rs7971,-0.0365,0.0065,1.9309900000000003e-08,-0.004762,0.013890000000000001,0.731799,-0.0007610560000000001,0.000511275,0.13660799999999998,-0.000275251,0.000305578,0.36772,-7.028380000000001e-06,0.000191106,0.97
215,rs801108,0.0033,0.0073,0.649201,-0.003643,0.01519,0.8104,0.00772397,0.0005742480000000001,3.1246399999999993e-41,-0.000308565,0.000343301,0.36875,0.000399151,0.00021146099999999997,0.058999699999999995
216,rs8082452,-0.0418,0.0065,1.13899e-10,-0.0144,0.013640000000000001,0.29100000000000004,-0.00083205,0.0005020609999999999,0.0974653,2.9729899999999998e-05,0.000300072,0.9210780000000001,,,
217,rs8178977,0.0047,0.0074,0.5215,-0.014190000000000001,0.015780000000000002,0.3685,0.00334348,0.000580631,8.50041e-09,-5.41486e-05,0.00034704699999999996,0.8760120000000001,0.00015183,0.00021679700000000002,0.48
218,rs9284657,0.0366,0.0062,3.3559800000000002e-09,-0.002396,0.013219999999999999,0.8562,0.000414662,0.000488976,0.396427,0.000260963,0.00029225,0.371888,-0.000123213,0.00018282,0.5
219,rs9350325,0.0074,0.0069,0.2843,0.015569999999999999,0.014459999999999999,0.2815,0.00139723,0.00052392,0.00765632,0.000350967,0.00031313799999999997,0.262371,0.00110974,0.000195779,1.40001e-08
220,rs9361840,0.0541,0.0072,7.13839e-14,0.01174,0.015619999999999998,0.45210100000000003,-0.000648708,0.0005928330000000001,0.273846,-0.00016376799999999998,0.000354324,0.643939,0.000125089,0.00022071900000000003,0.57
221,rs9392026,-0.0032,0.006999999999999999,0.646001,-0.0193,0.015059999999999999,0.2002,-0.0051865,0.00049898,2.65644e-25,-0.000782539,0.00029827099999999996,0.00870142,-0.000147345,0.00018543700000000002,0.43
222,rs941764,0.0463,0.0065,8.207290000000001e-13,0.00345,0.013819999999999999,0.8028,-0.000332228,0.000514787,0.5186890000000001,-1.1006900000000001e-05,0.000307677,0.971463,0.00020161700000000002,0.000192227,0.29
223,rs950039,0.0008,0.0069,0.9046,-0.005665,0.01455,0.6971,0.00333185,0.0005499319999999999,1.37407e-09,0.00039500900000000004,0.000328699,0.229467,-0.000128534,0.00020396799999999998,0.53
224,rs9693444,-0.0626,0.0066,1.59993e-21,-0.009857,0.01406,0.4832,0.000918632,0.000522632,0.07879889999999999,-0.00030874099999999996,0.000312367,0.322961,0.000167834,0.000195152,0.39
225,rs9833888,0.0457,0.0074,5.150980000000001e-10,0.026619999999999998,0.015780000000000002,0.091601,-0.00202552,0.000582646,0.00050823,0.000235603,0.000348241,0.498692,-0.000246663,0.00021789900000000002,0.26
226,rs9952980,-0.0478,0.0065,1.6530999999999998e-13,-0.00454,0.01375,0.7413,0.000960039,0.00051394,0.0617632,4.9195699999999994e-05,0.00030717200000000003,0.872758,-0.000197593,0.00019224599999999998,0.3
227,rs9954058,-0.0891,0.0122,2.79319e-13,0.03441,0.02541,0.1757,8.204700000000001e-05,0.000906216,0.92786,0.000534885,0.000541625,0.32337,,,
