,beta.ER- Breast cancer (Combined Oncoarray; iCOGS; GWAS meta analysis),beta.ER+ Breast cancer (Combined Oncoarray; iCOGS; GWAS meta analysis),beta.Breast cancer (Combined Oncoarray; iCOGS; GWAS meta analysis),cluster_label,SNP
0,0.0258,0.0396,0.0375,2,rs10022462
1,0.0904,0.0246,0.0383,2,rs10054203
2,0.07,0.1066,0.1055,2,rs10096351
3,0.029,0.0296,0.0354,2,rs10623258
4,-0.0493,-0.0269,-0.0358,1,rs10760444
5,0.0716,0.034,0.0465,2,rs10885405
6,0.0336,0.1563,0.1278,2,rs10941679
7,0.05,0.0978,0.0839,2,rs10978911
8,-0.0963,-0.1379,-0.1317,1,rs10995201
9,-0.0125,-0.05,-0.0449,1,rs11117758
10,-0.0726,-0.0692,-0.0717,1,rs11135046
11,0.0404,0.0572,0.0497,2,rs11205303
12,0.048,0.0603,0.0575,2,rs1121948
13,0.0101,0.123,0.0988,2,rs11249433
14,0.0414,0.2625,0.2211,5,rs11379664
15,-0.0074,-0.0584,-0.0471,1,rs11462858
16,0.4346,0.239,0.2727,4,rs11571833
17,-0.0449,-0.042,-0.0396,1,rs11583393
18,-0.0758,-0.1029,-0.0968,1,rs11624333
19,0.0274,0.0557,0.0472,2,rs11672660
20,-0.0656,-0.0269,-0.0442,1,rs11684853
21,-0.1342,-0.0907,-0.1074,1,rs117618124
22,0.0604,0.0629,0.0747,2,rs117737783
23,0.0592,0.0445,0.0483,2,rs11822830
24,-0.1048,-0.0323,-0.0451,1,rs11903787
25,0.0106,0.0555,0.0522,2,rs11977670
26,0.0388,0.0297,0.0375,2,rs12207986
27,-0.0564,-0.0644,-0.0576,1,rs12250948
28,-0.0454,-0.0558,-0.0592,1,rs1230666
29,-0.0109,-0.0424,-0.0426,1,rs12479355
30,0.0087,0.0578,0.045,2,rs12487185
31,0.0622,0.0321,0.0413,2,rs12513872
32,0.0016,0.0397,0.0365,2,rs12519859
33,-0.0306,-0.0743,-0.0717,1,rs12546444
34,-0.0533,-0.0819,-0.0793,1,rs1268974
35,-0.0734,-0.07200000000000001,-0.073,1,rs12990503
36,-0.0477,-0.0687,-0.0685,1,rs13066793
37,-0.0369,-0.0427,-0.0437,1,rs13267382
38,-0.0485,-0.0686,-0.0671,1,rs1498608
39,-0.061,-0.0635,-0.0586,1,rs1685191
40,0.098,0.0723,0.0758,2,rs16991615
41,-0.0067,0.0466,0.0364,2,rs1707302
42,0.0081,-0.0794,-0.0591,1,rs170801
43,0.0643,0.0529,0.0578,2,rs17156577
44,0.0376,0.0399,0.0395,2,rs17185310
45,0.0206,0.0517,0.0495,2,rs17268829
46,0.0153,0.0576,0.0487,2,rs17426269
47,-0.0134,-0.0446,-0.0384,1,rs1778523
48,-0.0511,-0.0844,-0.0817,1,rs1973765
49,0.0783,0.0457,0.0588,2,rs1985742
50,0.0084,-0.0603,-0.0425,1,rs2016394
51,0.0224,0.0511,0.0433,2,rs2253012
52,-0.034,-0.0964,-0.0796,1,rs2403907
53,-0.0221,-0.0364,-0.0349,1,rs2432539
54,-0.1121,-0.0424,-0.0615,1,rs2506889
55,0.0991,0.053,0.0663,2,rs2747652
56,-0.0379,-0.0898,-0.0758,1,rs2787486
57,0.0853,0.062,0.0611,2,rs28512361
58,-0.1216,-0.0435,-0.0651,1,rs2853669
59,0.0497,0.041,0.0445,2,rs2965183
60,-0.0183,-0.0608,-0.0506,1,rs2992756
61,-0.0218,-0.0726,-0.0606,1,rs332529
62,0.0578,0.0614,0.0611,2,rs34195518
63,0.0905,0.0918,0.101,2,rs35383942
64,0.0416,0.051,0.0462,2,rs35910339
65,-0.025,-0.0464,-0.0417,1,rs35961416
66,-0.0616,-0.0545,-0.0565,1,rs3769821
67,0.0446,0.0589,0.0623,2,rs3821902
68,-0.0253,-0.0483,-0.0434,1,rs3903072
69,0.0338,0.0589,0.0521,2,rs4081859
70,-0.0169,-0.0524,-0.0465,1,rs418053
71,0.0355,0.0441,0.0396,2,rs4233486
72,-0.1058,-0.0748,-0.0799,1,rs4286946
73,-0.0521,-0.1482,-0.1274,1,rs4442975
74,-0.0413,-0.042,-0.0416,1,rs4496150
75,0.023,0.0451,0.0416,2,rs4562056
76,-0.0394,-0.0409,-0.0424,1,rs4702131
77,0.1368,0.2296,0.2153,5,rs4784227
78,-0.0158,-0.0632,-0.0475,1,rs4820318
79,0.1077,0.0821,0.0933,2,rs4848599
80,0.0095,0.0519,0.0424,2,rs4971059
81,0.0178,0.0515,0.0499,2,rs527616
82,0.0343,0.042,0.0431,2,rs532436
83,-0.0082,-0.0524,-0.0497,1,rs56013747
84,-0.0678,-0.0991,-0.0942,1,rs56387622
85,0.0275,0.0578,0.0535,2,rs56891541
86,-0.0556,-0.0325,-0.0424,1,rs56971155
87,-0.0113,-0.0736,-0.0652,1,rs57212245
88,-0.0025,0.0519,0.0474,2,rs58058861
89,0.1178,0.1102,0.1206,2,rs5995875
90,0.0489,0.0882,0.0791,2,rs5997389
91,0.2651,0.1392,0.1817,3,rs60954078
92,0.0435,0.0473,0.0507,2,rs6122906
93,-0.0782,-0.0593,-0.0624,1,rs62048402
94,0.1339,0.4396,0.4256,6,rs62237573
95,0.0135,0.0568,0.0494,2,rs62331150
96,0.07400000000000001,0.2027,0.1734,5,rs62355901
97,-0.0109,-0.053,-0.0545,1,rs62485509
98,0.0224,0.1229,0.0992,2,rs630965
99,0.0439,0.0784,0.0778,2,rs6472903
100,0.0826,0.0412,0.0443,2,rs6562760
101,0.0741,0.0468,0.0512,2,rs6569648
102,-0.0214,-0.0592,-0.0439,1,rs6596100
103,0.0499,0.0381,0.0439,2,rs6597981
104,0.0576,0.0841,0.095,2,rs66572733
105,0.0493,0.0487,0.0527,2,rs67087079
106,-0.0683,-0.0385,-0.0468,1,rs6725517
107,0.025,0.062,0.0567,2,rs6787391
108,0.0286,0.0478,0.0501,2,rs68056147
109,0.0371,0.055,0.052000000000000005,2,rs6815814
110,0.0319,0.0351,0.0388,2,rs6882649
111,0.0193,-0.0754,-0.0618,1,rs7072776
112,-0.0376,-0.0804,-0.0724,1,rs7149262
113,-0.0572,-0.0905,-0.0806,1,rs71557345
114,-0.0432,-0.0794,-0.0686,1,rs71559437
115,-0.0488,-0.0463,-0.0439,1,rs7223535
116,-0.055,-0.0763,-0.0725,1,rs7258465
117,0.1071,0.1187,0.1182,2,rs72658071
118,-0.0216,0.0672,0.0559,2,rs72725173
119,0.1183,0.1481,0.1376,2,rs72755295
120,-0.0583,-0.0581,-0.0593,1,rs73949122
121,0.0426,0.0819,0.0785,2,rs7500067
122,0.0521,0.1145,0.1046,2,rs7626742
123,0.0124,0.0571,0.0489,2,rs7650602
124,0.2193,0.101,0.1352,3,rs76956704
125,0.0055,0.1338,0.1039,2,rs7697216
126,-0.0776,-0.0545,-0.0583,1,rs77528541
127,-0.0608,-0.0761,-0.0741,1,rs77554484
128,-0.0498,-0.0566,-0.0611,1,rs78381082
129,0.0477,0.0617,0.0603,2,rs78425380
130,-0.0696,-0.0533,-0.0595,1,rs78440108
131,0.0076,0.3277,0.2758,5,rs78540526
132,0.04,0.0758,0.0764,2,rs7904249
133,-0.0314,-0.0353,-0.0365,1,rs7971
134,-0.0523,-0.0317,-0.0418,1,rs8082452
135,0.0471,0.0384,0.0366,2,rs9284657
136,0.0732,0.0395,0.0541,2,rs9361840
137,0.0186,0.0477,0.0463,2,rs941764
138,-0.0408,-0.0683,-0.0626,1,rs9693444
139,0.0155,0.0542,0.0457,2,rs9833888
140,-0.0256,-0.0549,-0.0478,1,rs9952980
141,-0.0339,-0.1057,-0.0891,1,rs9954058
