,Unnamed: 0,PC1,PC2,PC3,SNP,beta.ER- Breast cancer (Combined Oncoarray; iCOGS; GWAS meta analysis),beta.ER+ Breast cancer (Combined Oncoarray; iCOGS; GWAS meta analysis),beta.Breast cancer (Combined Oncoarray; iCOGS; GWAS meta analysis),cluster_label
0,0,-0.06945895116842439,0.0379952075116068,-0.0034765964062693343,rs10022462,0.0258,0.0396,0.0375,1
1,1,-0.09384893047045872,0.05890344845523408,0.05879733399645546,rs10054203,0.0904,0.0246,0.0383,1
2,2,-0.08759566280560442,0.14392234318493222,-0.0074020348149182675,rs10096351,0.07,0.1066,0.1055,3
3,3,-0.07766220826778078,0.03207495190957958,0.003783958074605093,rs10623258,0.028999999999999998,0.0296,0.0354,1
4,4,-0.09626839848544133,-0.08288962048896116,-0.027784172337129633,rs10760444,-0.0493,-0.0269,-0.0358,6
5,5,-0.09284101642863356,0.06154463766210728,0.036624121479427514,rs10885405,0.0716,0.034,0.0465,1
6,6,-0.0746009178349511,0.17286979737304076,-0.06475073236145157,rs10941679,0.0336,0.1563,0.1278,3
7,7,-0.08558293498858745,0.11598070821533615,-0.01679039557471342,rs10978911,0.05,0.0978,0.0839,3
8,8,-0.1036787129935642,-0.2343982520067556,-0.002696166925631205,rs10995201,-0.0963,-0.1379,-0.1317,0
9,9,0.2665329241022608,-0.10195682373771783,0.031249604588838326,rs11117758,-0.0125,-0.05,-0.0449,6
10,10,-0.09898579596518703,-0.1427226864976679,-0.02315643091121296,rs11135046,-0.0726,-0.0692,-0.0717,0
11,11,-0.0904817155193803,0.06433379503966245,-0.0014495098905343636,rs11205303,0.0404,0.0572,0.0497,1
12,12,-0.09034659505874268,0.07467861960356377,0.0025065589069494807,rs1121948,0.048,0.0603,0.0575,1
13,13,0.3037576198095233,0.1070005795415925,-0.05008712815809252,rs11249433,0.0101,0.12300000000000001,0.0988,3
14,14,-0.07585249892996294,0.3025962086454407,-0.1219693138626553,rs11379664,0.0414,0.2625,0.2211,2
15,15,0.4508843953328193,-0.11421489782505488,0.04724880897754154,rs11462858,-0.0074,-0.0584,-0.0471,6
16,16,-0.08231503553322371,0.4984331775036713,0.2262841000876491,rs11571833,0.4346,0.239,0.2727,4
17,17,-0.09651715023327057,-0.09287389740795604,-0.01653825400561682,rs11583393,-0.0449,-0.042,-0.0396,6
18,18,-0.10128486882201737,-0.18123270130981028,-0.00654267250209399,rs11624333,-0.0758,-0.1029,-0.0968,0
19,19,-0.03259881608029507,0.053670670113104696,-0.009300231286921009,rs11672660,0.0274,0.0557,0.0472,1
20,20,-0.09628649172219947,-0.09544155237727993,-0.04054588864097194,rs11684853,-0.0656,-0.0269,-0.0442,6
21,21,-0.10014440194392622,-0.2055933275140804,-0.06057371043631634,rs117618124,-0.1342,-0.0907,-0.1074,0
22,22,-0.0808511819241191,0.09262891254621383,0.00979787869995212,rs117737783,0.0604,0.0629,0.0747,1
23,23,-0.09210061629955048,0.06380970417032243,0.020825131080145658,rs11822830,0.0592,0.0445,0.0483,1
24,24,-0.0959156239247462,-0.11695000723291385,-0.07239196292952159,rs11903787,-0.1048,-0.0323,-0.0451,0
25,25,0.2671227035562608,0.036434420831674814,-0.012882165276695529,rs11977670,0.0106,0.0555,0.0522,1
26,26,-0.0921776115363652,0.038435162312458734,0.011362908485756891,rs12207986,0.0388,0.0297,0.0375,1
27,27,-0.09855416807104762,-0.1235108051109352,-0.013549017943085509,rs12250948,-0.0564,-0.0644,-0.0576,0
28,28,-0.0897273233053326,-0.11427232641746793,-0.006810859696006299,rs1230666,-0.0454,-0.0558,-0.0592,6
29,29,0.3345103559979139,-0.0977809955721608,0.031669784659039746,rs12479355,-0.0109,-0.0424,-0.0426,6
30,30,0.3805276558680061,0.02783898904985348,-0.009566885018493392,rs12487185,0.0087,0.0578,0.045,1
31,31,-0.09294257045644727,0.0529579656345923,0.03023990781775105,rs12513872,0.0622,0.0321,0.0413,1
32,32,0.7928445898023353,-0.009551706382192524,0.010423881111861641,rs12519859,0.0016,0.0397,0.0365,1
33,33,0.025648118188479903,-0.13200033687524035,0.021451184571350233,rs12546444,-0.0306,-0.0743,-0.0717,6
34,34,-0.10012738037479407,-0.14688624934082156,0.0007679947467309277,rs1268974,-0.0533,-0.0819,-0.0793,0
35,35,-0.09914532164016476,-0.14562250658682693,-0.022343960740338457,rs12990503,-0.0734,-0.07200000000000001,-0.073,0
36,36,-0.07587675866382597,-0.12980101461328528,-0.0007454930333976921,rs13066793,-0.0477,-0.0687,-0.0685,0
37,37,-0.09568115446176748,-0.09238373676456188,-0.008440440316601894,rs13267382,-0.0369,-0.0427,-0.0437,6
38,38,-0.08608231266139259,-0.1288497367981992,-0.002220691270791409,rs1498608,-0.0485,-0.0686,-0.0671,0
39,39,-0.09849250455155033,-0.12570342574661544,-0.017874390925330868,rs1685191,-0.061,-0.0635,-0.0586,0
40,40,-0.0905993368171442,0.11660035278029,0.0381661902037248,rs16991615,0.098,0.0723,0.0758,3
41,41,0.4804241196392071,0.0041979419721589984,-0.012551445805323592,rs1707302,-0.0067,0.0466,0.0364,1
42,42,0.4210300473962743,-0.12693339969680226,0.07112742639998428,rs170801,0.0081,-0.0794,-0.0591,6
43,43,-0.09117876592540412,0.0776379852218801,0.020149875277971137,rs17156577,0.0643,0.0529,0.0578,1
44,44,-0.08996326927245983,0.04563266397167898,0.005609496807699068,rs17185310,0.0376,0.0399,0.0395,1
45,45,0.008664378000277962,0.04767559270934996,-0.012377140476850151,rs17268829,0.0206,0.0517,0.0495,1
46,46,0.2435540617190632,0.03887571337084576,-0.009787402474740012,rs17426269,0.0153,0.0576,0.0487,1
47,47,0.16348668287606427,-0.09060981180101578,0.022607731784272653,rs1778523,-0.0134,-0.0446,-0.0384,6
48,48,-0.1003489742294329,-0.1489832150402293,0.004244879280244169,rs1973765,-0.0511,-0.0844,-0.0817,0
49,49,-0.09202111580516648,0.07970188533262408,0.035142011905273884,rs1985742,0.0783,0.0457,0.0588,1
50,50,0.35614999746412884,-0.1015481088427508,0.05722541818944942,rs2016394,0.0084,-0.0603,-0.0425,6
51,51,-0.033692675419556666,0.04597975883807755,-0.01110877035103593,rs2253012,0.0224,0.0511,0.0433,1
52,52,-0.095762433001101,-0.14785921335620178,0.02434686407153454,rs2403907,-0.034,-0.0964,-0.0796,0
53,53,-0.042360241121879035,-0.07846493259840934,0.002329962468425377,rs2432539,-0.0221,-0.0364,-0.0349,6
54,54,-0.09678377047699947,-0.13696378634833564,-0.07141879335213293,rs2506889,-0.1121,-0.0424,-0.0615,0
55,55,-0.09178973859368388,0.09835900098742792,0.04883446772789304,rs2747652,0.0991,0.053,0.0663,1
56,56,-0.09847231860555287,-0.14288843265568554,0.01721320795259749,rs2787486,-0.0379,-0.0898,-0.0758,0
57,57,-0.09132932169826886,0.0950324460479468,0.034102739167395806,rs28512361,0.0853,0.062,0.0611,1
58,58,-0.09679486154589982,-0.14415141163187506,-0.07859903643243478,rs2853669,-0.1216,-0.0435,-0.0651,0
59,59,-0.09220355636860676,0.054950737148895736,0.014717090873559237,rs2965183,0.0497,0.040999999999999995,0.0445,1
60,60,0.013590113119197162,-0.10453191779144624,0.02156297468957844,rs2992756,-0.0183,-0.0608,-0.0506,6
61,61,0.07387062039829649,-0.12223121365476995,0.02815791120512831,rs332529,-0.0218,-0.0726,-0.0606,6
62,62,-0.08976810564183567,0.08215621360197206,0.010140349048800113,rs34195518,0.0578,0.0614,0.0611,1
63,63,-0.08846023201634995,0.1414535684527475,0.018475574071518053,rs35383942,0.0905,0.0918,0.10099999999999999,3
64,64,-0.09089414404983844,0.05875264107535375,0.002975584757043828,rs35910339,0.0416,0.051,0.0462,1
65,65,-0.05696481360078703,-0.08977877375648897,0.004854587969405942,rs35961416,-0.025,-0.0464,-0.0417,6
66,66,-0.09800667789195604,-0.11890833394902885,-0.0227013746762042,rs3769821,-0.0616,-0.0545,-0.0565,0
67,67,-0.08486708358837146,0.07511520295727799,-0.00046676809702051613,rs3821902,0.0446,0.0589,0.0623,1
68,68,-0.07320144249651121,-0.09154716747937816,0.005047685464075293,rs3903072,-0.0253,-0.0483,-0.0434,6
69,69,-0.08064423961168157,0.06360684451401155,-0.007994323923949484,rs4081859,0.0338,0.0589,0.0521,1
70,70,0.040336898864478325,-0.09708943386589583,0.01943669927334916,rs418053,-0.0169,-0.0524,-0.0465,6
71,71,-0.08757999895801127,0.047350996748359485,0.002011348927134396,rs4233486,0.0355,0.0441,0.0396,1
72,72,-0.09896578184705446,-0.16615417867094218,-0.04822250894933353,rs4286946,-0.1058,-0.0748,-0.0799,0
73,73,-0.10472364956318628,-0.21864743057011704,0.039650123499814185,rs4442975,-0.0521,-0.1482,-0.1274,0
74,74,-0.09561776532443833,-0.09254627738855506,-0.012958292951109148,rs4496150,-0.0413,-0.042,-0.0416,6
75,75,-0.03292365445898068,0.041326105944032826,-0.007595976846845075,rs4562056,0.023,0.0451,0.0416,1
76,76,-0.0968027255681008,-0.09151536658824537,-0.011737457077167258,rs4702131,-0.0394,-0.0409,-0.0424,6
77,77,-0.07954608471704214,0.3209006774534775,-0.022656242235439848,rs4784227,0.1368,0.2296,0.2153,2
78,78,0.0742375738251854,-0.10555296398068402,0.026694402461038727,rs4820318,-0.0158,-0.0632,-0.0475,6
79,79,-0.0897495742796381,0.1379188287483039,0.03897197642260825,rs4848599,0.1077,0.0821,0.0933,3
80,80,0.32785209723251313,0.024990040673790456,-0.007949714870349256,rs4971059,0.0095,0.0519,0.0424,1
81,81,0.03554042827138977,0.04537979253551875,-0.013770255030871318,rs527616,0.0178,0.0515,0.0499,1
82,82,-0.07734216479996671,0.047288129051274566,0.0016923837604991465,rs532436,0.0343,0.042,0.0431,1
83,83,0.5155637068746093,-0.11488632609826956,0.047211561940957145,rs56013747,-0.0082,-0.0524,-0.0497,6
84,84,-0.10072762070255087,-0.17334506679905384,-0.001376028931282231,rs56387622,-0.0678,-0.0991,-0.0942,0
85,85,-0.051362960228580064,0.059723819443407614,-0.012131657412471191,rs56891541,0.0275,0.0578,0.0535,1
86,86,-0.09664649487662548,-0.09339070135791737,-0.029640202556840807,rs56971155,-0.0556,-0.0325,-0.0424,6
87,87,0.4976625221657671,-0.1385561925618432,0.056149210747239706,rs57212245,-0.0113,-0.0736,-0.0652,6
88,88,0.7603733561703506,0.004678574270303606,-0.0017988727648586673,rs58058861,-0.0025,0.0519,0.0474,1
89,89,-0.08774957580731525,0.17736496473204608,0.0304937766155222,rs5995875,0.1178,0.1102,0.1206,3
90,90,-0.07587609043009788,0.10606614027808528,-0.012141208483961387,rs5997389,0.0489,0.0882,0.0791,3
91,91,-0.086893365369827,0.30022004993707224,0.13608703527960864,rs60954078,0.2651,0.1392,0.1817,4
92,92,-0.08875041930099994,0.06004857401491308,0.005595049354779126,rs6122906,0.0435,0.0473,0.0507,1
93,93,-0.09814043354493718,-0.1331192386862647,-0.034120303772214984,rs62048402,-0.0782,-0.0593,-0.0624,0
94,94,-0.014979963129603572,0.584806704180839,-0.15189137297801067,rs62237573,0.1339,0.4396,0.4256,5
95,95,0.22341119861866116,0.038735213778897284,-0.012068874131395324,rs62331150,0.0135,0.0568,0.0494,1
96,96,-0.08109620721984488,0.24952345711960006,-0.05824251728407436,rs62355901,0.07400000000000001,0.2027,0.1734,2
97,97,0.3549029747706283,-0.1128223302354591,0.039396519092945816,rs62485509,-0.0109,-0.053,-0.0545,6
98,98,-0.031087020907437063,0.12673223146095788,-0.05290734685724335,rs630965,0.0224,0.1229,0.0992,3
99,99,-0.08570532045675815,0.0969507980457948,-0.012600343274199498,rs6472903,0.0439,0.0784,0.0778,1
100,100,-0.09277531915883633,0.0698084448013756,0.04366289362982502,rs6562760,0.0826,0.0412,0.0443,1
101,101,-0.09215460163167807,0.07386197370283024,0.032462853191688935,rs6569648,0.0741,0.0468,0.0512,1
102,102,0.02101535419303554,-0.10093222286094153,0.017267739764426963,rs6596100,-0.0214,-0.0592,-0.0439,6
103,103,-0.09236980680690113,0.052796258424582784,0.01624761373736116,rs6597981,0.0499,0.0381,0.0439,1
104,104,-0.037735484629840346,0.11607528220547846,-0.003747240403008957,rs66572733,0.0576,0.0841,0.095,3
105,105,-0.08819271222672254,0.06486716182787268,0.009824878873492949,rs67087079,0.0493,0.0487,0.0527,1
106,106,-0.09685432932912574,-0.10564499133500296,-0.037352444769992464,rs6725517,-0.0683,-0.0385,-0.0468,6
107,107,-0.05798051668132825,0.06349759810200292,-0.017103071486363402,rs6787391,0.025,0.062,0.0567,1
108,108,-0.06757724862281729,0.052340866140472925,-0.006840567772201203,rs68056147,0.0286,0.0478,0.0501,1
109,109,-0.08625356282869957,0.06275793151502182,-0.00359996297566899,rs6815814,0.0371,0.055,0.052000000000000005,1
110,110,-0.08452334100025513,0.039319135468933085,0.003026339871442289,rs6882649,0.0319,0.0351,0.0388,1
111,111,0.02720835278860549,-0.1045288244999472,0.06373544123973067,rs7072776,0.0193,-0.0754,-0.0618,6
112,112,-0.09315237281595218,-0.13476932248335924,0.013008198224944641,rs7149262,-0.0376,-0.0804,-0.0724,0
113,113,-0.08314002816362102,-0.15513790536406766,0.0025322177803130982,rs71557345,-0.0572,-0.0905,-0.0806,0
114,114,-0.0830515169440611,-0.1345149381204449,0.007508357286910048,rs71559437,-0.0432,-0.0794,-0.0686,0
115,115,-0.09729684793958138,-0.1000433755206624,-0.01732774333355967,rs7223535,-0.0488,-0.0463,-0.0439,6
116,116,-0.0996231649677928,-0.13982002648472425,-0.004415637003976335,rs7258465,-0.055,-0.0763,-0.0725,0
117,117,-0.08726976648680172,0.17656929603627286,0.01790875423331141,rs72658071,0.1071,0.1187,0.1182,3
118,118,0.07912106973138608,0.039847737855498035,-0.05449996730578239,rs72725173,-0.0216,0.0672,0.0559,1
119,119,-0.08513441807000369,0.21301248968050832,0.01189184978092329,rs72755295,0.1183,0.1481,0.1376,3
120,120,-0.09816875460239848,-0.1213242263684673,-0.017561801341370486,rs73949122,-0.0583,-0.0581,-0.0593,0
121,121,-0.08791227589869292,0.0990582538686224,-0.015571870341658862,rs7500067,0.0426,0.0819,0.0785,3
122,122,-0.08696570053990564,0.14036459429859324,-0.0264100907497572,rs7626742,0.0521,0.1145,0.1046,3
123,123,0.18569613277180905,0.039619246133959285,-0.014685471370069512,rs7650602,0.0124,0.0571,0.0489,1
124,124,-0.08941477686046972,0.22681594240742045,0.12161914074866602,rs76956704,0.2193,0.10099999999999999,0.1352,4
125,125,0.6673549528986961,0.10005112988105637,-0.04479488486444365,rs7697216,0.0055,0.1338,0.1039,3
126,126,-0.09780175766725588,-0.12696766546499255,-0.03619730577904782,rs77528541,-0.0776,-0.0545,-0.0583,0
127,127,-0.0992317028882024,-0.14309522908545153,-0.009086482880630551,rs77554484,-0.0608,-0.0761,-0.0741,0
128,128,-0.09634660277610267,-0.11771266230451538,-0.010288245247226149,rs78381082,-0.0498,-0.0566,-0.0611,6
129,129,-0.08237935582040179,0.07702833704841151,0.0015926587492477884,rs78425380,0.0477,0.0617,0.0603,1
130,130,-0.0979203185818168,-0.12345269479431817,-0.029553878425803082,rs78440108,-0.0696,-0.0533,-0.0595,0
131,131,0.6529686735756834,0.3331862770431939,-0.16050099709363566,rs78540526,0.0076,0.3277,0.2758,2
132,132,-0.08053843417068418,0.0924520260778422,-0.014417401338204325,rs7904249,0.04,0.0758,0.0764,1
133,133,-0.08873100421602484,-0.08097355288376648,-0.007905775643108143,rs7971,-0.0314,-0.0353,-0.0365,6
134,134,-0.0966376107189338,-0.091018512179244,-0.02719295370807193,rs8082452,-0.0523,-0.0317,-0.0418,6
135,135,-0.09252856081343384,0.04718700752364651,0.0150235624630874,rs9284657,0.0471,0.0384,0.0366,1
136,136,-0.09237445114153278,0.07058349681382227,0.03428912770503865,rs9361840,0.0732,0.0395,0.0541,1
137,137,0.02465492503728213,0.041520354946221735,-0.011164705339924615,rs941764,0.0186,0.0477,0.0463,1
138,138,-0.09854036624361204,-0.12219552461475572,0.0027631582243907524,rs9693444,-0.0408,-0.0683,-0.0626,6
139,139,0.1572512270481639,0.03843573846332568,-0.011160503387777628,rs9833888,0.0155,0.0542,0.0457,1
140,140,-0.06837956462030613,-0.0988315606025592,0.008715787966093267,rs9952980,-0.0256,-0.0549,-0.0478,6
141,141,0.023606068147674204,-0.16427445999077564,0.035546492377412864,rs9954058,-0.0339,-0.1057,-0.0891,0
