SNP,beta.ER- Breast cancer (Combined Oncoarray; iCOGS; GWAS meta analysis),se.ER- Breast cancer (Combined Oncoarray; iCOGS; GWAS meta analysis),pval.ER- Breast cancer (Combined Oncoarray; iCOGS; GWAS meta analysis),beta.ER+ Breast cancer (Combined Oncoarray; iCOGS; GWAS meta analysis),se.ER+ Breast cancer (Combined Oncoarray; iCOGS; GWAS meta analysis),pval.ER+ Breast cancer (Combined Oncoarray; iCOGS; GWAS meta analysis),beta.Breast cancer (Combined Oncoarray; iCOGS; GWAS meta analysis),se.Breast cancer (Combined Oncoarray; iCOGS; GWAS meta analysis),pval.Breast cancer (Combined Oncoarray; iCOGS; GWAS meta analysis)
rs10022462,0.0258,0.0113,0.0227002,0.0396,0.0074,9.10102e-08,0.0375,0.0062,1.554e-09
rs10054203,0.0904,0.0118,2.21922e-14,0.0246,0.0076,0.001244,0.0383,0.0065,3.211e-09
rs10096351,0.07,0.0114,7.14398e-10,0.1066,0.0074,1.31886e-46,0.1055,0.0062,1.96607e-64
rs10623258,0.029,0.0119,0.0150598,0.0296,0.0075,8.02195e-05,0.0354,0.0063,2.26402e-08
rs10760444,-0.0493,0.0114,1.434e-05,-0.0269,0.0074,0.000282001,-0.0358,0.0062,9.05607e-09
rs10885405,0.0716,0.0113,2.003e-10,0.034,0.0074,4.01402e-06,0.0465,0.0062,5.43626e-14
rs10941679,0.0336,0.013,0.00942909,0.1563,0.0084,8.26799e-78,0.1278,0.0071,5.6079e-73
rs10978911,0.05,0.0167,0.00280401,0.0978,0.0107,6.59781e-20,0.0839,0.0091,2.35776e-20
rs10995201,-0.0963,0.0159,1.56899e-09,-0.1379,0.0105,1.11506e-39,-0.1317,0.0087,1.55704e-51
rs11117758,-0.0125,0.0138,0.3654,-0.05,0.0091,4.06004e-08,-0.0449,0.0076,3.90301e-09
rs11135046,-0.0726,0.0113,1.242e-10,-0.0692,0.0074,6.63743e-21,-0.0717,0.0062,4.68058e-31
rs11205303,0.0404,0.0119,0.000687702,0.0572,0.0077,8.42558e-14,0.0497,0.0064,1.13894e-14
rs1121948,0.048,0.0139,0.000558805,0.0603,0.0092,4.47095e-11,0.0575,0.0077,7.4817e-14
rs11249433,0.0101,0.0118,0.3905,0.123,0.0077,4.73042e-58,0.0988,0.0065,1.75995e-52
rs11379664,0.0414,0.0117,0.000425197,0.2625,0.0075,1e-200,0.2211,0.0063,1e-200
rs11462858,-0.0074,0.0124,0.5506,-0.0584,0.0079,2.01604e-13,-0.0471,0.0067,2.08593e-12
rs11571833,0.4346,0.0588,1.49108e-13,0.239,0.0397,1.69399e-09,0.2727,0.0346,3.10027e-15
rs11583393,-0.0449,0.0132,0.000652695,-0.042,0.0086,1.013e-06,-0.0396,0.0072,3.61102e-08
rs11624333,-0.0758,0.0131,6.95905e-09,-0.1029,0.0086,2.44906e-33,-0.0968,0.0071,6.5013e-42
rs11672660,0.0274,0.0145,0.0586098,0.0557,0.0095,5.13299e-09,0.0472,0.008,4.12601e-09
rs11684853,-0.0656,0.0113,6.46994e-09,-0.0269,0.0074,0.000281501,-0.0442,0.0062,1.11712e-12
rs117618124,-0.1342,0.0294,5.04301e-06,-0.0907,0.0186,1.07199e-06,-0.1074,0.0156,5.45758e-12
rs117737783,0.0604,0.0233,0.009619,0.0629,0.0151,3.08901e-05,0.0747,0.0127,4.03097e-09
rs11822830,0.0592,0.0115,2.92799e-07,0.0445,0.0075,3.33204e-09,0.0483,0.0063,1.9829e-14
rs11903787,-0.1048,0.0141,1.18413e-13,-0.0323,0.009,0.000315,-0.0451,0.0076,2.36401e-09
rs11977670,0.0106,0.0115,0.3584,0.0555,0.0075,1.49314e-13,0.0522,0.0063,1.04809e-16
rs12207986,0.0388,0.0113,0.000608401,0.0297,0.0074,6.12506e-05,0.0375,0.0062,1.45001e-09
rs12250948,-0.0564,0.0135,2.78798e-05,-0.0644,0.0089,3.45621e-13,-0.0576,0.0074,1.0361e-14
rs1230666,-0.0454,0.0173,0.00872509,-0.0558,0.0113,7.43293e-07,-0.0592,0.0095,3.86696e-10
rs12479355,-0.0109,0.0139,0.4331,-0.0424,0.0091,3.47696e-06,-0.0426,0.0076,2.35798e-08
rs12487185,0.0087,0.0121,0.4721,0.0578,0.0079,2.75169e-13,0.045,0.0066,1.20587e-11
rs12513872,0.0622,0.0134,3.62903e-06,0.0321,0.0086,0.000208502,0.0413,0.0073,1.464e-08
rs12519859,0.0016,0.0114,0.8861,0.0397,0.0075,1.09001e-07,0.0365,0.0063,5.76806e-09
rs12546444,-0.0306,0.02,0.1258,-0.0743,0.0132,1.957e-08,-0.0717,0.011,7.45418e-11
rs1268974,-0.0533,0.0115,3.68197e-06,-0.0819,0.0075,1.26999e-27,-0.0793,0.0063,3.71022e-36
rs12990503,-0.0734,0.0126,6.47993e-09,-0.072,0.0083,3.52777e-18,-0.073,0.007,9.99079e-26
rs13066793,-0.0477,0.0211,0.0234601,-0.0687,0.0133,2.52e-07,-0.0685,0.0112,1.037e-09
rs13267382,-0.0369,0.0118,0.00178599,-0.0427,0.0077,2.93299e-08,-0.0437,0.0065,1.59514e-11
rs1498608,-0.0485,0.0195,0.0131701,-0.0686,0.0128,8.99891e-08,-0.0671,0.0107,3.48097e-10
rs1685191,-0.061,0.0116,1.57e-07,-0.0635,0.0077,1.523e-16,-0.0586,0.0064,3.87436e-20
rs16991615,0.098,0.0228,1.71498e-05,0.0723,0.0151,1.57101e-06,0.0758,0.0126,1.91699e-09
rs1707302,-0.0067,0.0119,0.5727,0.0466,0.0078,2.746e-09,0.0364,0.0066,2.94802e-08
rs170801,0.0081,0.0126,0.5223,-0.0794,0.0084,2.9902e-21,-0.0591,0.007,3.17468e-17
rs17156577,0.0643,0.0179,0.000332698,0.0529,0.0117,6.10998e-06,0.0578,0.0098,4.246e-09
rs17185310,0.0376,0.0123,0.00228102,0.0399,0.0081,8.11204e-07,0.0395,0.0069,8.70102e-09
rs17268829,0.0206,0.0125,0.0999309,0.0517,0.0082,2.40099e-10,0.0495,0.0068,4.48952e-13
rs17426269,0.0153,0.0158,0.3349,0.0576,0.0103,1.88499e-08,0.0487,0.0086,1.74201e-08
rs1778523,-0.0134,0.0119,0.2617,-0.0446,0.0078,1.29e-08,-0.0384,0.0066,7.55405e-09
rs1973765,-0.0511,0.0116,1.078e-05,-0.0844,0.0076,9.56093e-29,-0.0817,0.0064,9.7051e-38
rs1985742,0.0783,0.0117,2.69774e-11,0.0457,0.0077,2.66502e-09,0.0588,0.0065,8.09655e-20
rs2016394,0.0084,0.0113,0.4559,-0.0603,0.0074,3.21884e-16,-0.0425,0.0062,6.23448e-12
rs2253012,0.0224,0.0118,0.0577604,0.0511,0.0078,5.19159e-11,0.0433,0.0065,3.1268e-11
rs2403907,-0.034,0.0122,0.00536698,-0.0964,0.008,2.94917e-33,-0.0796,0.0067,1.8681e-32
rs2432539,-0.0221,0.0115,0.0548694,-0.0364,0.0076,1.46599e-06,-0.0349,0.0064,4.023e-08
rs2506889,-0.1121,0.0122,4.58881e-20,-0.0424,0.0079,8.89303e-08,-0.0615,0.0067,2.38177e-20
rs2747652,0.0991,0.0113,1.92619e-18,0.053,0.0074,8.28514e-13,0.0663,0.0062,1.30707e-26
rs2787486,-0.0379,0.0124,0.00216401,-0.0898,0.0081,2.08785e-28,-0.0758,0.0068,5.56416e-29
rs28512361,0.0853,0.0197,1.54198e-05,0.062,0.0129,1.656e-06,0.0611,0.0109,2.249e-08
rs2853669,-0.1216,0.0129,3.1463e-21,-0.0435,0.0081,9.08992e-08,-0.0651,0.0069,4.04669e-21
rs2965183,0.0497,0.0117,2.298e-05,0.041,0.0077,1.06001e-07,0.0445,0.0065,6.31393e-12
rs2992756,-0.0183,0.0115,0.1126,-0.0608,0.0076,9.92659e-16,-0.0506,0.0063,1.60398e-15
rs332529,-0.0218,0.016,0.1738,-0.0726,0.0106,8.59014e-12,-0.0606,0.0089,9.01571e-12
rs34195518,0.0578,0.0178,0.00114301,0.0614,0.0113,5.87895e-08,0.0611,0.0096,2.014e-10
rs35383942,0.0905,0.0252,0.000330103,0.0918,0.0164,2.33297e-08,0.101,0.0139,3.79315e-13
rs35910339,0.0416,0.0123,0.000691704,0.051,0.008,1.88799e-10,0.0462,0.0067,5.40879e-12
rs35961416,-0.025,0.0122,0.0408696,-0.0464,0.0078,2.09802e-09,-0.0417,0.0066,2.712e-10
rs3769821,-0.0616,0.0118,1.79602e-07,-0.0545,0.0078,2.09411e-12,-0.0565,0.0065,3.96917e-18
rs3821902,0.0446,0.0162,0.00590296,0.0589,0.0106,3.179e-08,0.0623,0.0089,2.9902e-12
rs3903072,-0.0253,0.0112,0.02474,-0.0483,0.0074,5.93745e-11,-0.0434,0.0062,2.25424e-12
rs4081859,0.0338,0.0132,0.0102799,0.0589,0.0087,1.17598e-11,0.0521,0.0073,7.0762e-13
rs418053,-0.0169,0.0114,0.1389,-0.0524,0.0075,2.28402e-12,-0.0465,0.0063,1.19509e-13
rs4233486,0.0355,0.0125,0.00443997,0.0441,0.0082,7.93305e-08,0.0396,0.0069,9.08511e-09
rs4286946,-0.1058,0.0152,3.51075e-12,-0.0748,0.0099,4.90569e-14,-0.0799,0.0083,8.62581e-22
rs4442975,-0.0521,0.0112,3.378e-06,-0.1482,0.0073,6.64967e-91,-0.1274,0.0061,1.13999e-95
rs4496150,-0.0413,0.0131,0.001679,-0.042,0.0086,1.006e-06,-0.0416,0.0072,8.09096e-09
rs4562056,0.023,0.0122,0.0588695,0.0451,0.0079,1.43001e-08,0.0416,0.0067,4.719e-10
rs4702131,-0.0394,0.0113,0.000495302,-0.0409,0.0074,3.46497e-08,-0.0424,0.0062,1.00207e-11
rs4784227,0.1368,0.0128,1.72385e-26,0.2296,0.0084,3.92645e-164,0.2153,0.0071,1e-200
rs4820318,-0.0158,0.0116,0.1734,-0.0632,0.0076,1.10306e-16,-0.0475,0.0064,1.02991e-13
rs4848599,0.1077,0.0186,6.53702e-09,0.0821,0.0119,5.90745e-12,0.0933,0.01,1.58489e-20
rs4971059,0.0095,0.0118,0.4197,0.0519,0.0077,1.26503e-11,0.0424,0.0064,4.82503e-11
rs527616,0.0178,0.0117,0.1268,0.0515,0.0076,1.37404e-11,0.0499,0.0064,6.70039e-15
rs532436,0.0343,0.0141,0.0146599,0.042,0.0092,5.34195e-06,0.0431,0.0078,2.90603e-08
rs56013747,-0.0082,0.0164,0.6152,-0.0524,0.0107,1.036e-06,-0.0497,0.009,3.73801e-08
rs56387622,-0.0678,0.0193,0.000449997,-0.0991,0.0127,5.27716e-15,-0.0942,0.0106,5.46512e-19
rs56891541,0.0275,0.0134,0.0395103,0.0578,0.0086,1.49417e-11,0.0535,0.0072,8.98669e-14
rs56971155,-0.0556,0.0117,1.89898e-06,-0.0325,0.0076,2.06201e-05,-0.0424,0.0064,3.62577e-11
rs57212245,-0.0113,0.0215,0.5987,-0.0736,0.0142,2.21901e-07,-0.0652,0.0119,4.08903e-08
rs58058861,-0.0025,0.0137,0.8526,0.0519,0.0089,4.74996e-09,0.0474,0.0074,1.907e-10
rs5995875,0.1178,0.0176,2.37575e-11,0.1102,0.0117,3.5148e-21,0.1206,0.0098,9.03858e-35
rs5997389,0.0489,0.0197,0.0131099,0.0882,0.0128,6.23161e-12,0.0791,0.0108,2.19079e-13
rs60954078,0.2651,0.0203,4.3461e-39,0.1392,0.014,2.21309e-23,0.1817,0.0117,2.83988e-54
rs6122906,0.0435,0.0146,0.00289701,0.0473,0.0095,6.82606e-07,0.0507,0.008,2.44698e-10
rs62048402,-0.0782,0.0115,9.90604e-12,-0.0593,0.0075,2.15675e-15,-0.0624,0.0063,3.50026e-23
rs62237573,0.1339,0.0678,0.0483404,0.4396,0.0386,4.94083e-30,0.4256,0.034,6.87385e-36
rs62331150,0.0135,0.0134,0.3147,0.0568,0.0087,7.93049e-11,0.0494,0.0074,1.84714e-11
rs62355901,0.074,0.0152,1.10999e-06,0.2027,0.0097,3.54977e-96,0.1734,0.0082,3.41979e-98
rs62485509,-0.0109,0.0146,0.4544,-0.053,0.0094,1.59599e-08,-0.0545,0.0079,4.45143e-12
rs630965,0.0224,0.0117,0.0552803,0.1229,0.0077,8.93923e-58,0.0992,0.0064,3.20701e-54
rs6472903,0.0439,0.0151,0.00365603,0.0784,0.0099,2.01002e-15,0.0778,0.0083,4.43302e-21
rs6562760,0.0826,0.0135,8.69401e-10,0.0412,0.0087,2.43501e-06,0.0443,0.0073,1.493e-09
rs6569648,0.0741,0.0135,4.25804e-08,0.0468,0.0088,8.684e-08,0.0512,0.0073,2.97577e-12
rs6596100,-0.0214,0.0138,0.1197,-0.0592,0.0091,7.68245e-11,-0.0439,0.0076,7.74194e-09
rs6597981,0.0499,0.0113,9.85893e-06,0.0381,0.0074,2.488e-07,0.0439,0.0062,1.34586e-12
rs66572733,0.0576,0.0295,0.0511505,0.0841,0.0192,1.15401e-05,0.095,0.0162,4.74198e-09
rs67087079,0.0493,0.0168,0.00342902,0.0487,0.011,1.027e-05,0.0527,0.0093,1.323e-08
rs6725517,-0.0683,0.0122,1.98299e-08,-0.0385,0.008,1.588e-06,-0.0468,0.0067,2.93022e-12
rs6787391,0.025,0.0117,0.0325402,0.062,0.0076,4.75335e-16,0.0567,0.0064,9.07403e-19
rs68056147,0.0286,0.0127,0.0238501,0.0478,0.0082,6.78594e-09,0.0501,0.0069,5.36043e-13
rs6815814,0.0371,0.0132,0.00489598,0.055,0.0086,1.59302e-10,0.052,0.0072,6.13056e-13
rs6882649,0.0319,0.012,0.00787499,0.0351,0.0078,7.76998e-06,0.0388,0.0066,3.67198e-09
rs7072776,0.0193,0.0127,0.1279,-0.0754,0.0082,2.77779e-20,-0.0618,0.0068,1.74904e-19
rs7149262,-0.0376,0.0139,0.00696402,-0.0804,0.0091,1.45412e-18,-0.0724,0.0076,2.47116e-21
rs71557345,-0.0572,0.0241,0.0174201,-0.0905,0.0157,8.46097e-09,-0.0806,0.0129,3.87097e-10
rs71559437,-0.0432,0.0181,0.0168298,-0.0794,0.0119,2.79319e-11,-0.0686,0.0099,5.0501e-12
rs7223535,-0.0488,0.0128,0.000141801,-0.0463,0.0084,3.19602e-08,-0.0439,0.007,3.52899e-10
rs7258465,-0.055,0.012,4.74701e-06,-0.0763,0.0078,2.38122e-22,-0.0725,0.0066,2.78869e-28
rs72658071,0.1071,0.0194,3.26603e-08,0.1187,0.0128,1.37214e-20,0.1182,0.0107,2.57988e-28
rs72725173,-0.0216,0.0157,0.1689,0.0672,0.0101,2.46888e-11,0.0559,0.0085,3.87525e-11
rs72755295,0.1183,0.0334,0.000390499,0.1481,0.0208,1.08293e-12,0.1376,0.0179,1.64589e-14
rs73949122,-0.0583,0.0154,0.000157,-0.0581,0.01,6.88304e-09,-0.0593,0.0084,1.84587e-12
rs7500067,0.0426,0.0132,0.001237,0.0819,0.0086,2.25892e-21,0.0785,0.0073,4.06443e-27
rs7626742,0.0521,0.0113,3.90796e-06,0.1145,0.0074,9.90604e-54,0.1046,0.0062,1.61213e-63
rs7650602,0.0124,0.0114,0.2769,0.0571,0.0075,2.26882e-14,0.0489,0.0063,6.22444e-15
rs76956704,0.2193,0.0325,1.49486e-11,0.101,0.0216,2.88702e-06,0.1352,0.0182,1.27087e-13
rs7697216,0.0055,0.0175,0.753999,0.1338,0.0118,6.06317e-30,0.1039,0.0098,1.6099e-26
rs77528541,-0.0776,0.0178,1.31299e-05,-0.0545,0.0115,2.037e-06,-0.0583,0.0096,1.414e-09
rs77554484,-0.0608,0.017,0.000356599,-0.0761,0.0111,5.65718e-12,-0.0741,0.0093,1.2841e-15
rs78381082,-0.0498,0.0162,0.002117,-0.0566,0.0106,8.82308e-08,-0.0611,0.0089,5.4275e-12
rs78425380,0.0477,0.0181,0.00838996,0.0617,0.0118,1.57899e-07,0.0603,0.0099,1.034e-09
rs78440108,-0.0696,0.0154,6.47396e-06,-0.0533,0.01,1.12699e-07,-0.0595,0.0084,1.61808e-12
rs78540526,0.0076,0.0217,0.7252,0.3277,0.0132,1.02094e-136,0.2758,0.0113,1.81134e-131
rs7904249,0.04,0.0153,0.008931,0.0758,0.0099,2.49689e-14,0.0764,0.0084,6.98072e-20
rs7971,-0.0314,0.0119,0.00826799,-0.0353,0.0077,5.03895e-06,-0.0365,0.0065,1.93099e-08
rs8082452,-0.0523,0.0118,1.013e-05,-0.0317,0.0077,3.93704e-05,-0.0418,0.0065,1.13899e-10
rs9284657,0.0471,0.0113,2.99399e-05,0.0384,0.0074,1.99899e-07,0.0366,0.0062,3.35598e-09
rs9361840,0.0732,0.0131,2.14501e-08,0.0395,0.0086,4.25001e-06,0.0541,0.0072,7.13839e-14
rs941764,0.0186,0.0118,0.1162,0.0477,0.0077,6.36796e-10,0.0463,0.0065,8.20729e-13
rs9693444,-0.0408,0.012,0.000638396,-0.0683,0.0078,2.61096e-18,-0.0626,0.0066,1.59993e-21
rs9833888,0.0155,0.0135,0.2487,0.0542,0.0088,6.14596e-10,0.0457,0.0074,5.15098e-10
rs9952980,-0.0256,0.0118,0.0300103,-0.0549,0.0078,1.48013e-12,-0.0478,0.0065,1.6531e-13
rs9954058,-0.0339,0.0221,0.1257,-0.1057,0.0147,6.06178e-13,-0.0891,0.0122,2.79319e-13
